date,symbol,name,open,high,low,close,volume,amount,pct_change,turnover_rate,source_file
2022-10-17,560080,,1.055,1.067,1.03,1.059,358663300.0,376785160.0,,,sina:560080
2022-10-18,560080,,1.059,1.1,1.04,1.099,139240500.0,150036576.0,,,sina:560080
2022-10-19,560080,,1.093,1.093,1.067,1.079,56409000.0,60818389.0,,,sina:560080
2022-10-20,560080,,1.068,1.098,1.065,1.083,35653300.0,38666045.0,,,sina:560080
2022-10-21,560080,,1.087,1.099,1.073,1.096,28783900.0,31366435.0,,,sina:560080
2022-10-24,560080,,1.098,1.114,1.073,1.082,18859100.0,20625667.0,,,sina:560080
2022-10-25,560080,,1.071,1.081,1.042,1.073,9615100.0,10163344.0,,,sina:560080
2022-10-26,560080,,1.065,1.115,1.063,1.114,21534500.0,23648387.0,,,sina:560080
2022-10-27,560080,,1.115,1.165,1.092,1.161,16549800.0,18698025.0,,,sina:560080
2022-10-28,560080,,1.14,1.141,1.101,1.134,29785000.0,33487990.0,,,sina:560080
2022-10-31,560080,,1.118,1.134,1.081,1.13,17831500.0,19718027.0,,,sina:560080
2022-11-01,560080,,1.13,1.156,1.107,1.154,25492600.0,28753405.0,,,sina:560080
2022-11-02,560080,,1.146,1.194,1.13,1.158,29012400.0,33979432.0,,,sina:560080
2022-11-03,560080,,1.143,1.165,1.13,1.146,16049100.0,18408659.0,,,sina:560080
2022-11-04,560080,,1.145,1.173,1.142,1.164,14750400.0,17081338.0,,,sina:560080
2022-11-07,560080,,1.164,1.173,1.154,1.163,8436200.0,9795390.0,,,sina:560080
2022-11-08,560080,,1.166,1.177,1.14,1.166,6820000.0,7920631.0,,,sina:560080
2022-11-09,560080,,1.166,1.204,1.16,1.198,14692300.0,17523049.0,,,sina:560080
2022-11-10,560080,,1.25,1.25,1.19,1.199,11139700.0,13420668.0,,,sina:560080
2022-11-11,560080,,1.215,1.241,1.173,1.176,21834500.0,26473522.0,,,sina:560080
2022-11-14,560080,,1.152,1.27,1.152,1.257,19796700.0,24255031.0,,,sina:560080
2022-11-15,560080,,1.255,1.288,1.221,1.285,20525300.0,25527245.0,,,sina:560080
2022-11-16,560080,,1.285,1.285,1.225,1.233,37803500.0,46861790.0,,,sina:560080
2022-11-17,560080,,1.225,1.27,1.216,1.267,35194600.0,44199528.0,,,sina:560080
2022-11-18,560080,,1.255,1.292,1.255,1.283,23510500.0,30108949.0,,,sina:560080
2022-11-21,560080,,1.273,1.3,1.252,1.29,17265000.0,22095422.0,,,sina:560080
2022-11-22,560080,,1.287,1.304,1.236,1.244,25352000.0,31967018.0,,,sina:560080
2022-11-23,560080,,1.24,1.242,1.199,1.214,15341700.0,18584669.0,,,sina:560080
2022-11-24,560080,,1.218,1.253,1.213,1.251,21240100.0,26251553.0,,,sina:560080
2022-11-25,560080,,1.24,1.242,1.2,1.235,20590300.0,25124321.0,,,sina:560080
2022-11-28,560080,,1.21,1.256,1.21,1.238,16171800.0,20058844.0,,,sina:560080
2022-11-29,560080,,1.23,1.275,1.22,1.263,22060800.0,27835564.0,,,sina:560080
2022-11-30,560080,,1.254,1.273,1.243,1.255,14669100.0,18415843.0,,,sina:560080
2022-12-01,560080,,1.28,1.285,1.224,1.245,23596100.0,29321564.0,,,sina:560080
2022-12-02,560080,,1.232,1.255,1.232,1.24,12066300.0,14972218.0,,,sina:560080
2022-12-05,560080,,1.253,1.28,1.241,1.265,24205500.0,30552976.0,,,sina:560080
2022-12-06,560080,,1.266,1.283,1.234,1.243,33696700.0,42522141.0,,,sina:560080
2022-12-07,560080,,1.236,1.278,1.219,1.275,26875900.0,33797531.0,,,sina:560080
2022-12-08,560080,,1.278,1.304,1.265,1.286,42283900.0,54243265.0,,,sina:560080
2022-12-09,560080,,1.286,1.293,1.268,1.285,23012600.0,29504042.0,,,sina:560080
2022-12-12,560080,,1.299,1.34,1.29,1.333,35221000.0,46539286.0,,,sina:560080
2022-12-13,560080,,1.34,1.348,1.3,1.322,50454000.0,66216626.0,,,sina:560080
2022-12-14,560080,,1.319,1.319,1.266,1.272,58045000.0,74273139.0,,,sina:560080
2022-12-15,560080,,1.252,1.278,1.252,1.272,27770400.0,35222187.0,,,sina:560080
2022-12-16,560080,,1.267,1.297,1.264,1.289,25455800.0,32785821.0,,,sina:560080
2022-12-19,560080,,1.293,1.293,1.213,1.218,27221200.0,33518262.0,,,sina:560080
2022-12-20,560080,,1.2,1.217,1.187,1.19,20682900.0,24730619.0,,,sina:560080
2022-12-21,560080,,1.183,1.21,1.183,1.192,14005700.0,16733313.0,,,sina:560080
2022-12-22,560080,,1.192,1.2,1.171,1.175,31562800.0,37438537.0,,,sina:560080
2022-12-23,560080,,1.164,1.186,1.164,1.172,37339200.0,43883123.0,,,sina:560080
2022-12-26,560080,,1.173,1.177,1.156,1.164,38301900.0,44647395.0,,,sina:560080
2022-12-27,560080,,1.164,1.164,1.122,1.138,48194400.0,54515744.0,,,sina:560080
2022-12-28,560080,,1.136,1.142,1.129,1.135,42556700.0,48284750.0,,,sina:560080
2022-12-29,560080,,1.136,1.156,1.128,1.147,62989500.0,72412458.0,,,sina:560080
2022-12-30,560080,,1.147,1.158,1.138,1.141,40615300.0,46391185.0,,,sina:560080
2023-01-03,560080,,1.149,1.172,1.141,1.17,36638100.0,42723141.0,,,sina:560080
2023-01-04,560080,,1.17,1.17,1.154,1.163,26308300.0,30480328.0,,,sina:560080
2023-01-05,560080,,1.164,1.169,1.151,1.165,30978900.0,36011636.0,,,sina:560080
2023-01-06,560080,,1.165,1.166,1.144,1.147,14068900.0,16190158.0,,,sina:560080
2023-01-09,560080,,1.148,1.158,1.147,1.157,21542400.0,24803591.0,,,sina:560080
2023-01-10,560080,,1.156,1.161,1.146,1.155,17455629.0,20185504.0,,,sina:560080
2023-01-11,560080,,1.155,1.167,1.152,1.158,16963000.0,19683610.0,,,sina:560080
2023-01-12,560080,,1.155,1.171,1.146,1.156,28016800.0,32457460.0,,,sina:560080
2023-01-13,560080,,1.158,1.17,1.15,1.169,38100300.0,44337995.0,,,sina:560080
2023-01-16,560080,,1.17,1.196,1.169,1.186,18413400.0,21852643.0,,,sina:560080
2023-01-17,560080,,1.194,1.194,1.175,1.178,8052600.0,9519903.0,,,sina:560080
2023-01-18,560080,,1.178,1.183,1.176,1.177,8806600.0,10387233.0,,,sina:560080
2023-01-19,560080,,1.176,1.198,1.169,1.192,20946000.0,24922914.0,,,sina:560080
2023-01-20,560080,,1.192,1.213,1.192,1.204,23922000.0,28835386.0,,,sina:560080
2023-01-30,560080,,1.205,1.213,1.197,1.206,36011600.0,43430398.0,,,sina:560080
2023-01-31,560080,,1.206,1.206,1.19,1.196,26806600.0,32094072.0,,,sina:560080
2023-02-01,560080,,1.195,1.207,1.191,1.207,33864500.0,40644822.0,,,sina:560080
2023-02-02,560080,,1.205,1.221,1.202,1.21,11267100.0,13672080.0,,,sina:560080
2023-02-03,560080,,1.21,1.213,1.189,1.199,21952715.0,26274271.0,,,sina:560080
2023-02-06,560080,,1.194,1.204,1.188,1.19,5415100.0,6462426.0,,,sina:560080
2023-02-07,560080,,1.183,1.196,1.178,1.183,7606856.0,9004250.0,,,sina:560080
2023-02-08,560080,,1.183,1.191,1.177,1.185,17294300.0,20517375.0,,,sina:560080
2023-02-09,560080,,1.184,1.192,1.18,1.19,9762600.0,11590845.0,,,sina:560080
2023-02-10,560080,,1.195,1.195,1.182,1.186,9020600.0,10702724.0,,,sina:560080
2023-02-13,560080,,1.186,1.209,1.186,1.205,16097100.0,19350178.0,,,sina:560080
2023-02-14,560080,,1.205,1.218,1.2,1.218,18637700.0,22540996.0,,,sina:560080
2023-02-15,560080,,1.226,1.237,1.215,1.216,50972099.0,62370288.0,,,sina:560080
2023-02-16,560080,,1.22,1.25,1.215,1.232,43611500.0,53873586.0,,,sina:560080
2023-02-17,560080,,1.234,1.258,1.22,1.257,43579601.0,54231279.0,,,sina:560080
2023-02-20,560080,,1.26,1.265,1.221,1.256,37983900.0,46995125.0,,,sina:560080
2023-02-21,560080,,1.249,1.267,1.243,1.259,32162300.0,40374617.0,,,sina:560080
2023-02-22,560080,,1.251,1.268,1.247,1.259,44805100.0,56447804.0,,,sina:560080
2023-02-23,560080,,1.255,1.26,1.241,1.246,36729200.0,45866048.0,,,sina:560080
2023-02-24,560080,,1.244,1.25,1.233,1.239,22351200.0,27702254.0,,,sina:560080
2023-02-27,560080,,1.236,1.248,1.226,1.23,46433800.0,57206714.0,,,sina:560080
2023-02-28,560080,,1.223,1.267,1.223,1.266,43968400.0,55113742.0,,,sina:560080
2023-03-01,560080,,1.267,1.284,1.248,1.272,49890300.0,62995413.0,,,sina:560080
2023-03-02,560080,,1.27,1.27,1.254,1.255,31318200.0,39443777.0,,,sina:560080
2023-03-03,560080,,1.259,1.262,1.245,1.252,18818900.0,23601474.0,,,sina:560080
2023-03-06,560080,,1.252,1.281,1.242,1.271,48730700.0,61586685.0,,,sina:560080
2023-03-07,560080,,1.268,1.28,1.242,1.244,43169300.0,54151467.0,,,sina:560080
2023-03-08,560080,,1.239,1.25,1.235,1.244,15161810.0,18845400.0,,,sina:560080
2023-03-09,560080,,1.243,1.255,1.236,1.247,23749900.0,29567709.0,,,sina:560080
2023-03-10,560080,,1.241,1.241,1.227,1.232,19246600.0,23736043.0,,,sina:560080
2023-03-13,560080,,1.235,1.268,1.222,1.267,56482600.0,70620927.0,,,sina:560080
2023-03-14,560080,,1.268,1.277,1.242,1.247,20165500.0,25338110.0,,,sina:560080
2023-03-15,560080,,1.247,1.284,1.247,1.275,26107600.0,33239301.0,,,sina:560080
2023-03-16,560080,,1.263,1.308,1.263,1.289,45489800.0,58681943.0,,,sina:560080
2023-03-17,560080,,1.283,1.293,1.26,1.267,75913100.0,96494452.0,,,sina:560080
2023-03-20,560080,,1.267,1.267,1.223,1.231,45103700.0,55588576.0,,,sina:560080
2023-03-21,560080,,1.232,1.241,1.226,1.235,24996100.0,30842246.0,,,sina:560080
2023-03-22,560080,,1.234,1.248,1.228,1.234,29706300.0,36722838.0,,,sina:560080
2023-03-23,560080,,1.225,1.245,1.218,1.236,25988100.0,32071364.0,,,sina:560080
2023-03-24,560080,,1.239,1.247,1.199,1.207,50287646.0,61088053.0,,,sina:560080
2023-03-27,560080,,1.196,1.214,1.193,1.204,23184746.0,27946999.0,,,sina:560080
2023-03-28,560080,,1.206,1.242,1.204,1.235,49372800.0,60697049.0,,,sina:560080
2023-03-29,560080,,1.235,1.262,1.225,1.244,32773200.0,40742318.0,,,sina:560080
2023-03-30,560080,,1.239,1.243,1.224,1.24,37476610.0,46251477.0,,,sina:560080
2023-03-31,560080,,1.238,1.284,1.238,1.281,45382919.0,57731626.0,,,sina:560080
2023-04-03,560080,,1.28,1.287,1.261,1.276,57220900.0,72752352.0,,,sina:560080
2023-04-04,560080,,1.277,1.31,1.265,1.309,81822184.0,106367416.0,,,sina:560080
2023-04-06,560080,,1.307,1.333,1.307,1.325,102691000.0,136134821.0,,,sina:560080
2023-04-07,560080,,1.329,1.333,1.306,1.31,32931598.0,43318636.0,,,sina:560080
2023-04-10,560080,,1.31,1.31,1.285,1.29,50959898.0,65796320.0,,,sina:560080
2023-04-11,560080,,1.285,1.305,1.281,1.298,32026799.0,41386237.0,,,sina:560080
2023-04-12,560080,,1.295,1.32,1.29,1.296,44588700.0,58223953.0,,,sina:560080
2023-04-13,560080,,1.291,1.312,1.283,1.309,42999800.0,56099698.0,,,sina:560080
2023-04-14,560080,,1.31,1.316,1.294,1.302,79093700.0,102976292.0,,,sina:560080
2023-04-17,560080,,1.294,1.31,1.287,1.306,59333500.0,77272391.0,,,sina:560080
2023-04-18,560080,,1.304,1.304,1.29,1.294,60002600.0,77635323.0,,,sina:560080
2023-04-19,560080,,1.294,1.296,1.28,1.286,58333219.0,75072229.0,,,sina:560080
2023-04-20,560080,,1.286,1.296,1.274,1.278,283279700.0,362162034.0,,,sina:560080
2023-04-21,560080,,1.271,1.309,1.271,1.281,81602900.0,105588880.0,,,sina:560080
2023-04-24,560080,,1.284,1.309,1.28,1.296,42481100.0,54991231.0,,,sina:560080
2023-04-25,560080,,1.3,1.3,1.252,1.279,62122512.0,78710799.0,,,sina:560080
2023-04-26,560080,,1.28,1.287,1.257,1.275,29357700.0,37400248.0,,,sina:560080
2023-04-27,560080,,1.266,1.328,1.266,1.323,58238700.0,76301791.0,,,sina:560080
2023-04-28,560080,,1.319,1.325,1.302,1.323,47845400.0,62874233.0,,,sina:560080
2023-05-04,560080,,1.323,1.39,1.318,1.385,70848700.0,96919844.0,,,sina:560080
2023-05-05,560080,,1.377,1.389,1.346,1.357,72688800.0,98768193.0,,,sina:560080
2023-05-08,560080,,1.381,1.41,1.358,1.367,93524863.0,128415744.0,,,sina:560080
2023-05-09,560080,,1.36,1.372,1.333,1.334,71979463.0,96789379.0,,,sina:560080
2023-05-10,560080,,1.332,1.335,1.317,1.326,40168812.0,53187026.0,,,sina:560080
2023-05-11,560080,,1.326,1.336,1.297,1.301,44043500.0,57603595.0,,,sina:560080
2023-05-12,560080,,1.296,1.326,1.291,1.313,37731500.0,49572967.0,,,sina:560080
2023-05-15,560080,,1.312,1.324,1.285,1.31,44279200.0,57588538.0,,,sina:560080
2023-05-16,560080,,1.31,1.329,1.296,1.319,67889900.0,89264060.0,,,sina:560080
2023-05-17,560080,,1.315,1.326,1.298,1.324,31640100.0,41450146.0,,,sina:560080
2023-05-18,560080,,1.322,1.333,1.31,1.318,158655100.0,208745481.0,,,sina:560080
2023-05-19,560080,,1.315,1.352,1.308,1.349,141628500.0,189750172.0,,,sina:560080
2023-05-22,560080,,1.344,1.366,1.335,1.352,262956252.0,353959742.0,,,sina:560080
2023-05-23,560080,,1.346,1.368,1.344,1.356,69181448.0,94144317.0,,,sina:560080
2023-05-24,560080,,1.347,1.347,1.313,1.323,90133400.0,119427717.0,,,sina:560080
2023-05-25,560080,,1.315,1.333,1.308,1.32,56466842.0,74380035.0,,,sina:560080
2023-05-26,560080,,1.319,1.383,1.31,1.373,80242942.0,108764766.0,,,sina:560080
2023-05-29,560080,,1.371,1.4,1.347,1.378,74715800.0,103121873.0,,,sina:560080
2023-05-30,560080,,1.378,1.38,1.353,1.372,48368700.0,66229040.0,,,sina:560080
2023-05-31,560080,,1.363,1.391,1.363,1.373,51881700.0,71487081.0,,,sina:560080
2023-06-01,560080,,1.395,1.395,1.341,1.344,66420699.0,89878628.0,,,sina:560080
2023-06-02,560080,,1.342,1.35,1.335,1.339,54510700.0,73106953.0,,,sina:560080
2023-06-05,560080,,1.339,1.355,1.333,1.354,254474619.0,341162100.0,,,sina:560080
2023-06-06,560080,,1.347,1.347,1.31,1.318,86556819.0,115265503.0,,,sina:560080
2023-06-07,560080,,1.315,1.341,1.312,1.326,64788800.0,86181292.0,,,sina:560080
2023-06-08,560080,,1.321,1.331,1.302,1.303,66307319.0,86797461.0,,,sina:560080
2023-06-09,560080,,1.303,1.319,1.292,1.3,57940400.0,75520526.0,,,sina:560080
2023-06-12,560080,,1.295,1.3,1.274,1.288,55013700.0,70598036.0,,,sina:560080
2023-06-13,560080,,1.283,1.291,1.271,1.278,51254199.0,65435344.0,,,sina:560080
2023-06-14,560080,,1.273,1.294,1.269,1.285,55809645.0,71736794.0,,,sina:560080
2023-06-15,560080,,1.285,1.288,1.27,1.286,56699900.0,72513647.0,,,sina:560080
2023-06-16,560080,,1.288,1.301,1.284,1.288,72987669.0,94185663.0,,,sina:560080
2023-06-19,560080,,1.286,1.302,1.278,1.291,98358618.0,126778950.0,,,sina:560080
2023-06-20,560080,,1.287,1.298,1.277,1.28,59126200.0,76138762.0,,,sina:560080
2023-06-21,560080,,1.272,1.279,1.26,1.26,69153313.0,87549863.0,,,sina:560080
2023-06-26,560080,,1.248,1.254,1.229,1.236,71348265.0,88463878.0,,,sina:560080
2023-06-27,560080,,1.236,1.263,1.235,1.259,57691053.0,72400402.0,,,sina:560080
2023-06-28,560080,,1.257,1.264,1.245,1.261,46103273.0,57826945.0,,,sina:560080
2023-06-29,560080,,1.252,1.28,1.252,1.277,50192373.0,63875152.0,,,sina:560080
2023-06-30,560080,,1.274,1.299,1.274,1.283,41853280.0,53988646.0,,,sina:560080
2023-07-03,560080,,1.279,1.284,1.25,1.263,55308041.0,69563363.0,,,sina:560080
2023-07-04,560080,,1.259,1.264,1.252,1.259,27953600.0,35125191.0,,,sina:560080
2023-07-05,560080,,1.257,1.264,1.24,1.243,95234090.0,118626652.0,,,sina:560080
2023-07-06,560080,,1.239,1.243,1.221,1.224,59703300.0,73379013.0,,,sina:560080
2023-07-07,560080,,1.219,1.227,1.213,1.224,72604000.0,88621433.0,,,sina:560080
2023-07-10,560080,,1.226,1.228,1.216,1.221,41097000.0,50187922.0,,,sina:560080
2023-07-11,560080,,1.223,1.227,1.218,1.227,40450800.0,49428483.0,,,sina:560080
2023-07-12,560080,,1.227,1.229,1.213,1.214,37262700.0,45591751.0,,,sina:560080
2023-07-13,560080,,1.217,1.222,1.212,1.22,53326000.0,64956566.0,,,sina:560080
2023-07-14,560080,,1.22,1.221,1.214,1.216,36631015.0,44552906.0,,,sina:560080
2023-07-17,560080,,1.215,1.238,1.2,1.234,77439086.0,94535123.0,,,sina:560080
2023-07-18,560080,,1.227,1.231,1.216,1.218,46234569.0,56410194.0,,,sina:560080
2023-07-19,560080,,1.214,1.221,1.207,1.209,32589003.0,39523021.0,,,sina:560080
2023-07-20,560080,,1.212,1.216,1.201,1.203,37930894.0,45842176.0,,,sina:560080
2023-07-21,560080,,1.203,1.216,1.198,1.209,57741091.0,69881954.0,,,sina:560080
2023-07-24,560080,,1.21,1.224,1.205,1.219,51146626.0,62316070.0,,,sina:560080
2023-07-25,560080,,1.223,1.228,1.208,1.217,63444902.0,77149593.0,,,sina:560080
2023-07-26,560080,,1.214,1.224,1.213,1.217,46885800.0,57095404.0,,,sina:560080
2023-07-27,560080,,1.216,1.218,1.21,1.211,71693761.0,86914632.0,,,sina:560080
2023-07-28,560080,,1.21,1.223,1.206,1.223,48900000.0,59481742.0,,,sina:560080
2023-07-31,560080,,1.225,1.228,1.205,1.207,86671400.0,105285589.0,,,sina:560080
2023-08-01,560080,,1.204,1.209,1.194,1.197,76216800.0,91488784.0,,,sina:560080
2023-08-02,560080,,1.193,1.194,1.177,1.18,61148300.0,72421745.0,,,sina:560080
2023-08-03,560080,,1.179,1.201,1.177,1.199,68983100.0,82322684.0,,,sina:560080
2023-08-04,560080,,1.2,1.219,1.199,1.209,62705285.0,76075004.0,,,sina:560080
2023-08-07,560080,,1.209,1.21,1.191,1.195,46629977.0,55835188.0,,,sina:560080
2023-08-08,560080,,1.191,1.226,1.186,1.223,145011248.0,175955820.0,,,sina:560080
2023-08-09,560080,,1.222,1.222,1.207,1.215,104860100.0,127332722.0,,,sina:560080
2023-08-10,560080,,1.214,1.218,1.207,1.213,46420000.0,56280000.0,,,sina:560080
2023-08-11,560080,,1.213,1.231,1.209,1.212,86746600.0,106059983.0,,,sina:560080
2023-08-14,560080,,1.209,1.222,1.196,1.221,89290800.0,107816360.0,,,sina:560080
2023-08-15,560080,,1.215,1.229,1.208,1.226,71899400.0,87819233.0,,,sina:560080
2023-08-16,560080,,1.219,1.23,1.21,1.212,86194300.0,105211522.0,,,sina:560080
2023-08-17,560080,,1.21,1.216,1.202,1.215,47143000.0,57052893.0,,,sina:560080
2023-08-18,560080,,1.211,1.211,1.173,1.176,64882700.0,77090428.0,,,sina:560080
2023-08-21,560080,,1.177,1.183,1.164,1.166,43343147.0,50843848.0,,,sina:560080
2023-08-22,560080,,1.168,1.172,1.147,1.166,49727000.0,57555104.0,,,sina:560080
2023-08-23,560080,,1.163,1.172,1.151,1.154,41877400.0,48723597.0,,,sina:560080
2023-08-24,560080,,1.158,1.161,1.141,1.156,41144900.0,47256884.0,,,sina:560080
2023-08-25,560080,,1.153,1.159,1.141,1.146,43779153.0,50325930.0,,,sina:560080
2023-08-28,560080,,1.18,1.2,1.15,1.155,76640500.0,89668888.0,,,sina:560080
2023-08-29,560080,,1.15,1.174,1.146,1.171,83968800.0,97908170.0,,,sina:560080
2023-08-30,560080,,1.173,1.176,1.159,1.166,49982700.0,58369254.0,,,sina:560080
2023-08-31,560080,,1.163,1.181,1.161,1.181,68339100.0,80234382.0,,,sina:560080
2023-09-01,560080,,1.18,1.18,1.163,1.17,48584100.0,56762653.0,,,sina:560080
2023-09-04,560080,,1.168,1.174,1.166,1.174,44924700.0,52548763.0,,,sina:560080
2023-09-05,560080,,1.173,1.183,1.166,1.168,44995716.0,52737607.0,,,sina:560080
2023-09-06,560080,,1.163,1.167,1.153,1.154,54850200.0,63433315.0,,,sina:560080
2023-09-07,560080,,1.154,1.154,1.133,1.134,84068793.0,95855685.0,,,sina:560080
2023-09-08,560080,,1.132,1.137,1.125,1.131,86570200.0,97873032.0,,,sina:560080
2023-09-11,560080,,1.133,1.159,1.133,1.155,59333033.0,68332131.0,,,sina:560080
2023-09-12,560080,,1.155,1.171,1.154,1.164,42142919.0,49111233.0,,,sina:560080
2023-09-13,560080,,1.164,1.169,1.144,1.153,52786600.0,60810440.0,,,sina:560080
2023-09-14,560080,,1.153,1.167,1.15,1.16,58446900.0,67733023.0,,,sina:560080
2023-09-15,560080,,1.16,1.176,1.156,1.17,54724200.0,63988274.0,,,sina:560080
2023-09-18,560080,,1.166,1.179,1.165,1.178,50021400.0,58663829.0,,,sina:560080
2023-09-19,560080,,1.176,1.184,1.167,1.173,41313400.0,48412122.0,,,sina:560080
2023-09-20,560080,,1.17,1.177,1.166,1.17,28821100.0,33762418.0,,,sina:560080
2023-09-21,560080,,1.17,1.171,1.154,1.156,43722100.0,50694532.0,,,sina:560080
2023-09-22,560080,,1.154,1.169,1.145,1.169,32045600.0,37041759.0,,,sina:560080
2023-09-25,560080,,1.168,1.187,1.163,1.184,60387000.0,71313120.0,,,sina:560080
2023-09-26,560080,,1.184,1.192,1.178,1.182,34060200.0,40388400.0,,,sina:560080
2023-09-27,560080,,1.178,1.206,1.178,1.203,48464400.0,57858318.0,,,sina:560080
2023-09-28,560080,,1.203,1.223,1.201,1.21,48886661.0,59279119.0,,,sina:560080
2023-10-09,560080,,1.21,1.214,1.187,1.2,48655700.0,58112982.0,,,sina:560080
2023-10-10,560080,,1.197,1.201,1.171,1.174,45646650.0,53892386.0,,,sina:560080
2023-10-11,560080,,1.175,1.191,1.175,1.183,41139800.0,48730279.0,,,sina:560080
2023-10-12,560080,,1.182,1.199,1.179,1.187,42470670.0,50429588.0,,,sina:560080
2023-10-13,560080,,1.18,1.195,1.165,1.191,41901270.0,49800644.0,,,sina:560080
2023-10-16,560080,,1.191,1.2,1.169,1.173,46467241.0,54888359.0,,,sina:560080
2023-10-17,560080,,1.169,1.169,1.147,1.157,43719400.0,50438175.0,,,sina:560080
2023-10-18,560080,,1.153,1.153,1.128,1.129,56601800.0,64332803.0,,,sina:560080
2023-10-19,560080,,1.124,1.126,1.097,1.098,59353000.0,65753476.0,,,sina:560080
2023-10-20,560080,,1.096,1.099,1.084,1.087,41014432.0,44713049.0,,,sina:560080
2023-10-23,560080,,1.083,1.09,1.071,1.08,39238500.0,42365645.0,,,sina:560080
2023-10-24,560080,,1.088,1.097,1.075,1.092,42852700.0,46521209.0,,,sina:560080
2023-10-25,560080,,1.097,1.105,1.089,1.095,35907752.0,39408279.0,,,sina:560080
2023-10-26,560080,,1.093,1.105,1.086,1.104,42558100.0,46680433.0,,,sina:560080
2023-10-27,560080,,1.104,1.149,1.094,1.142,71427400.0,80484573.0,,,sina:560080
2023-10-30,560080,,1.14,1.157,1.138,1.153,66138100.0,76083472.0,,,sina:560080
2023-10-31,560080,,1.154,1.16,1.144,1.148,39918900.0,45987049.0,,,sina:560080
2023-11-01,560080,,1.153,1.157,1.136,1.149,44996300.0,51493665.0,,,sina:560080
2023-11-02,560080,,1.145,1.149,1.137,1.138,25259500.0,28823731.0,,,sina:560080
2023-11-03,560080,,1.138,1.15,1.137,1.14,32668700.0,37366705.0,,,sina:560080
2023-11-06,560080,,1.145,1.162,1.144,1.158,46331100.0,53481058.0,,,sina:560080
2023-11-07,560080,,1.155,1.165,1.15,1.156,33008300.0,38228914.0,,,sina:560080
2023-11-08,560080,,1.156,1.176,1.154,1.164,37359100.0,43592513.0,,,sina:560080
2023-11-09,560080,,1.16,1.172,1.147,1.152,39341900.0,45527264.0,,,sina:560080
2023-11-10,560080,,1.148,1.16,1.14,1.153,34001900.0,39171002.0,,,sina:560080
2023-11-13,560080,,1.153,1.157,1.142,1.15,27841900.0,31937049.0,,,sina:560080
2023-11-14,560080,,1.15,1.159,1.148,1.155,33289400.0,38405058.0,,,sina:560080
2023-11-15,560080,,1.158,1.16,1.147,1.155,34969300.0,40311920.0,,,sina:560080
2023-11-16,560080,,1.154,1.155,1.142,1.143,22722700.0,26033328.0,,,sina:560080
2023-11-17,560080,,1.141,1.165,1.137,1.164,73707900.0,84981916.0,,,sina:560080
2023-11-20,560080,,1.172,1.19,1.165,1.19,74437700.0,87721380.0,,,sina:560080
2023-11-21,560080,,1.19,1.195,1.181,1.184,63592200.0,75591643.0,,,sina:560080
2023-11-22,560080,,1.184,1.195,1.178,1.183,48274400.0,57310058.0,,,sina:560080
2023-11-23,560080,,1.183,1.199,1.183,1.198,58698500.0,70044401.0,,,sina:560080
2023-11-24,560080,,1.201,1.219,1.196,1.219,88356400.0,106933675.0,,,sina:560080
2023-11-27,560080,,1.219,1.222,1.195,1.198,58400671.0,70268104.0,,,sina:560080
2023-11-28,560080,,1.193,1.214,1.179,1.21,61604371.0,73919769.0,,,sina:560080
2023-11-29,560080,,1.208,1.213,1.192,1.195,44558700.0,53506009.0,,,sina:560080
2023-11-30,560080,,1.194,1.209,1.187,1.208,58794700.0,70453133.0,,,sina:560080
2023-12-01,560080,,1.206,1.215,1.199,1.206,41364600.0,49864495.0,,,sina:560080
2023-12-04,560080,,1.204,1.211,1.194,1.198,39080300.0,46971532.0,,,sina:560080
2023-12-05,560080,,1.198,1.206,1.185,1.189,38542400.0,46016653.0,,,sina:560080
2023-12-06,560080,,1.183,1.187,1.172,1.176,48766900.0,57454343.0,,,sina:560080
2023-12-07,560080,,1.175,1.178,1.163,1.169,37995200.0,44463630.0,,,sina:560080
2023-12-08,560080,,1.168,1.178,1.165,1.173,32046201.0,37594765.0,,,sina:560080
2023-12-11,560080,,1.176,1.185,1.157,1.184,39952009.0,46946251.0,,,sina:560080
2023-12-12,560080,,1.181,1.199,1.176,1.189,38352899.0,45694307.0,,,sina:560080
2023-12-13,560080,,1.19,1.208,1.187,1.198,63565800.0,76389155.0,,,sina:560080
2023-12-14,560080,,1.197,1.205,1.18,1.182,42672800.0,50916767.0,,,sina:560080
2023-12-15,560080,,1.178,1.184,1.16,1.163,59940200.0,70061268.0,,,sina:560080
2023-12-18,560080,,1.16,1.183,1.154,1.166,41393900.0,48552866.0,,,sina:560080
2023-12-19,560080,,1.161,1.167,1.141,1.148,41413448.0,47586290.0,,,sina:560080
2023-12-20,560080,,1.148,1.156,1.139,1.14,33507600.0,38496045.0,,,sina:560080
2023-12-21,560080,,1.136,1.151,1.128,1.15,31417300.0,35750915.0,,,sina:560080
2023-12-22,560080,,1.15,1.156,1.136,1.144,37999200.0,43569757.0,,,sina:560080
2023-12-25,560080,,1.141,1.142,1.13,1.141,19705900.0,22390780.0,,,sina:560080
2023-12-26,560080,,1.138,1.144,1.127,1.131,21836200.0,24739805.0,,,sina:560080
2023-12-27,560080,,1.131,1.145,1.128,1.144,23756300.0,26984487.0,,,sina:560080
2023-12-28,560080,,1.14,1.151,1.133,1.149,58611400.0,67072376.0,,,sina:560080
2023-12-29,560080,,1.147,1.155,1.144,1.153,38162800.0,43963239.0,,,sina:560080
2024-01-02,560080,,1.154,1.177,1.151,1.169,46701600.0,54424267.0,,,sina:560080
2024-01-03,560080,,1.168,1.195,1.167,1.18,44670800.0,52756003.0,,,sina:560080
2024-01-04,560080,,1.177,1.177,1.163,1.17,36239900.0,42312981.0,,,sina:560080
2024-01-05,560080,,1.168,1.172,1.147,1.154,37731600.0,43838066.0,,,sina:560080
2024-01-08,560080,,1.154,1.155,1.132,1.132,31863500.0,36327552.0,,,sina:560080
2024-01-09,560080,,1.128,1.138,1.124,1.133,30603500.0,34610624.0,,,sina:560080
2024-01-10,560080,,1.131,1.131,1.111,1.111,33461700.0,37506034.0,,,sina:560080
2024-01-11,560080,,1.108,1.118,1.101,1.115,34149280.0,37870123.0,,,sina:560080
2024-01-12,560080,,1.113,1.118,1.104,1.105,30765300.0,34240661.0,,,sina:560080
2024-01-15,560080,,1.103,1.122,1.098,1.117,38277300.0,42594580.0,,,sina:560080
2024-01-16,560080,,1.114,1.123,1.104,1.118,36286200.0,40379792.0,,,sina:560080
2024-01-17,560080,,1.115,1.128,1.098,1.1,30974500.0,34468271.0,,,sina:560080
2024-01-18,560080,,1.096,1.096,1.061,1.094,50488600.0,54266820.0,,,sina:560080
2024-01-19,560080,,1.085,1.1,1.085,1.092,33150500.0,36217713.0,,,sina:560080
2024-01-22,560080,,1.089,1.091,1.043,1.053,44787900.0,47845607.0,,,sina:560080
2024-01-23,560080,,1.05,1.06,1.035,1.057,34822000.0,36489735.0,,,sina:560080
2024-01-24,560080,,1.057,1.069,1.034,1.068,40374601.0,42561575.0,,,sina:560080
2024-01-25,560080,,1.067,1.091,1.056,1.09,47723500.0,51214169.0,,,sina:560080
2024-01-26,560080,,1.089,1.101,1.08,1.091,43105100.0,47062209.0,,,sina:560080
2024-01-29,560080,,1.093,1.102,1.084,1.093,48234900.0,52794218.0,,,sina:560080
2024-01-30,560080,,1.081,1.081,1.055,1.058,40204500.0,43022173.0,,,sina:560080
2024-01-31,560080,,1.036,1.043,1.007,1.011,49391800.0,50441158.0,,,sina:560080
2024-02-01,560080,,1.001,1.023,0.996,1.007,39606100.0,39973224.0,,,sina:560080
2024-02-02,560080,,1.012,1.014,0.955,0.983,60208600.0,59980826.0,,,sina:560080
2024-02-05,560080,,0.966,0.994,0.935,0.975,63179000.0,60909648.0,,,sina:560080
2024-02-06,560080,,0.971,1.041,0.964,1.036,98766000.0,99690527.0,,,sina:560080
2024-02-07,560080,,1.033,1.069,1.033,1.068,50870200.0,53837927.0,,,sina:560080
2024-02-08,560080,,1.069,1.097,1.066,1.08,81705700.0,88420293.0,,,sina:560080
2024-02-19,560080,,1.083,1.088,1.065,1.077,30189100.0,32468674.0,,,sina:560080
2024-02-20,560080,,1.073,1.1,1.068,1.098,54941500.0,59949599.0,,,sina:560080
2024-02-21,560080,,1.088,1.106,1.081,1.091,48721500.0,53327243.0,,,sina:560080
2024-02-22,560080,,1.091,1.096,1.084,1.095,41754800.0,45542074.0,,,sina:560080
2024-02-23,560080,,1.091,1.097,1.083,1.095,40357600.0,44020474.0,,,sina:560080
2024-02-26,560080,,1.095,1.104,1.085,1.094,37501500.0,41057474.0,,,sina:560080
2024-02-27,560080,,1.092,1.107,1.089,1.106,26770200.0,29362141.0,,,sina:560080
2024-02-28,560080,,1.107,1.123,1.088,1.089,43805500.0,48532843.0,,,sina:560080
2024-02-29,560080,,1.089,1.109,1.082,1.108,30371500.0,33363601.0,,,sina:560080
2024-03-01,560080,,1.108,1.113,1.101,1.111,26769100.0,29655585.0,,,sina:560080
2024-03-04,560080,,1.112,1.13,1.108,1.129,45402600.0,50907325.0,,,sina:560080
2024-03-05,560080,,1.13,1.13,1.117,1.124,35685500.0,40049534.0,,,sina:560080
2024-03-06,560080,,1.118,1.124,1.104,1.115,35965000.0,40054380.0,,,sina:560080
2024-03-07,560080,,1.112,1.118,1.099,1.099,34622400.0,38418709.0,,,sina:560080
2024-03-08,560080,,1.099,1.112,1.098,1.108,25782500.0,28506362.0,,,sina:560080
2024-03-11,560080,,1.108,1.121,1.103,1.12,33840100.0,37645114.0,,,sina:560080
2024-03-12,560080,,1.126,1.154,1.126,1.144,110824226.0,126973532.0,,,sina:560080
2024-03-13,560080,,1.144,1.144,1.124,1.134,59721400.0,67693738.0,,,sina:560080
2024-03-14,560080,,1.14,1.154,1.126,1.135,41596000.0,47326090.0,,,sina:560080
2024-03-15,560080,,1.129,1.139,1.124,1.136,37936400.0,42895641.0,,,sina:560080
2024-03-18,560080,,1.134,1.147,1.127,1.147,46522400.0,52897728.0,,,sina:560080
2024-03-19,560080,,1.144,1.145,1.135,1.136,41465700.0,47208960.0,,,sina:560080
2024-03-20,560080,,1.134,1.137,1.128,1.134,31937600.0,36143622.0,,,sina:560080
2024-03-21,560080,,1.132,1.139,1.126,1.127,27778100.0,31392575.0,,,sina:560080
2024-03-22,560080,,1.125,1.126,1.103,1.111,40451841.0,45023017.0,,,sina:560080
2024-03-25,560080,,1.104,1.116,1.098,1.099,36098700.0,40075971.0,,,sina:560080
2024-03-26,560080,,1.098,1.104,1.092,1.103,47522300.0,52185967.0,,,sina:560080
2024-03-27,560080,,1.101,1.114,1.098,1.1,32722375.0,36224612.0,,,sina:560080
2024-03-28,560080,,1.098,1.111,1.091,1.102,32066900.0,35354603.0,,,sina:560080
2024-03-29,560080,,1.101,1.108,1.095,1.107,41252900.0,45385331.0,,,sina:560080
2024-04-01,560080,,1.105,1.121,1.105,1.12,28471700.0,31745168.0,,,sina:560080
2024-04-02,560080,,1.122,1.122,1.106,1.109,25937259.0,28820455.0,,,sina:560080
2024-04-03,560080,,1.105,1.122,1.105,1.117,29838554.0,33304038.0,,,sina:560080
2024-04-08,560080,,1.117,1.118,1.099,1.099,27688400.0,30592586.0,,,sina:560080
2024-04-09,560080,,1.099,1.115,1.09,1.114,30375500.0,33438233.0,,,sina:560080
2024-04-10,560080,,1.114,1.128,1.104,1.107,41377600.0,46212188.0,,,sina:560080
2024-04-11,560080,,1.103,1.116,1.101,1.108,31467000.0,34938799.0,,,sina:560080
2024-04-12,560080,,1.105,1.111,1.1,1.1,28024000.0,30964090.0,,,sina:560080
2024-04-15,560080,,1.1,1.118,1.091,1.115,30751500.0,34074061.0,,,sina:560080
2024-04-16,560080,,1.114,1.122,1.105,1.109,43657700.0,48592233.0,,,sina:560080
2024-04-17,560080,,1.113,1.138,1.102,1.137,76525300.0,86067721.0,,,sina:560080
2024-04-18,560080,,1.133,1.145,1.129,1.133,60286900.0,68514236.0,,,sina:560080
2024-04-19,560080,,1.13,1.143,1.126,1.142,56352600.0,64014509.0,,,sina:560080
2024-04-22,560080,,1.143,1.155,1.139,1.14,55117900.0,63217122.0,,,sina:560080
2024-04-23,560080,,1.14,1.145,1.124,1.137,56609800.0,64147164.0,,,sina:560080
2024-04-24,560080,,1.137,1.137,1.123,1.13,33705100.0,38026045.0,,,sina:560080
2024-04-25,560080,,1.129,1.141,1.127,1.133,35105600.0,39811971.0,,,sina:560080
2024-04-26,560080,,1.133,1.143,1.126,1.143,42535800.0,48361657.0,,,sina:560080
2024-04-29,560080,,1.143,1.157,1.134,1.156,60229000.0,69186745.0,,,sina:560080
2024-04-30,560080,,1.155,1.175,1.153,1.164,63090700.0,73531165.0,,,sina:560080
2024-05-06,560080,,1.168,1.191,1.165,1.189,74094900.0,87449866.0,,,sina:560080
2024-05-07,560080,,1.183,1.193,1.183,1.192,50629400.0,60183309.0,,,sina:560080
2024-05-08,560080,,1.191,1.195,1.178,1.182,49936400.0,59097795.0,,,sina:560080
2024-05-09,560080,,1.181,1.195,1.171,1.19,47947200.0,56882525.0,,,sina:560080
2024-05-10,560080,,1.191,1.192,1.177,1.178,51725900.0,61137685.0,,,sina:560080
2024-05-13,560080,,1.177,1.193,1.173,1.187,35694600.0,42309585.0,,,sina:560080
2024-05-14,560080,,1.19,1.22,1.184,1.214,69442500.0,83855038.0,,,sina:560080
2024-05-15,560080,,1.212,1.214,1.196,1.197,46470600.0,55942398.0,,,sina:560080
2024-05-16,560080,,1.197,1.201,1.181,1.184,72852141.0,86533140.0,,,sina:560080
2024-05-17,560080,,1.184,1.191,1.167,1.179,52722100.0,61942515.0,,,sina:560080
2024-05-20,560080,,1.178,1.181,1.171,1.181,54161900.0,63735690.0,,,sina:560080
2024-05-21,560080,,1.178,1.18,1.168,1.171,41896400.0,49179572.0,,,sina:560080
2024-05-22,560080,,1.172,1.176,1.153,1.159,66788900.0,77437193.0,,,sina:560080
2024-05-23,560080,,1.159,1.16,1.141,1.145,73651600.0,84604176.0,,,sina:560080
2024-05-24,560080,,1.141,1.158,1.141,1.143,58198500.0,66930117.0,,,sina:560080
2024-05-27,560080,,1.142,1.164,1.142,1.162,61209500.0,70625323.0,,,sina:560080
2024-05-28,560080,,1.163,1.167,1.147,1.148,45275300.0,52092264.0,,,sina:560080
2024-05-29,560080,,1.145,1.148,1.138,1.141,31601400.0,36078971.0,,,sina:560080
2024-05-30,560080,,1.135,1.145,1.126,1.129,56818000.0,64509259.0,,,sina:560080
2024-05-31,560080,,1.129,1.136,1.126,1.13,27421200.0,31019212.0,,,sina:560080
2024-06-03,560080,,1.131,1.14,1.119,1.124,57965600.0,65366530.0,,,sina:560080
2024-06-04,560080,,1.126,1.152,1.125,1.151,53625500.0,61145749.0,,,sina:560080
2024-06-05,560080,,1.147,1.158,1.139,1.141,41904200.0,48156460.0,,,sina:560080
2024-06-06,560080,,1.144,1.148,1.133,1.135,45555400.0,51964615.0,,,sina:560080
2024-06-07,560080,,1.143,1.149,1.13,1.138,43907500.0,49979699.0,,,sina:560080
2024-06-11,560080,,1.133,1.144,1.125,1.143,39766000.0,45152002.0,,,sina:560080
2024-06-12,560080,,1.139,1.143,1.132,1.136,33902800.0,38517186.0,,,sina:560080
2024-06-13,560080,,1.133,1.134,1.101,1.105,66631100.0,74274091.0,,,sina:560080
2024-06-14,560080,,1.099,1.108,1.096,1.107,59040800.0,64955942.0,,,sina:560080
2024-06-17,560080,,1.1,1.121,1.1,1.107,32179900.0,35686836.0,,,sina:560080
2024-06-18,560080,,1.111,1.116,1.101,1.112,34884100.0,38710769.0,,,sina:560080
2024-06-19,560080,,1.11,1.111,1.093,1.094,43679200.0,47988548.0,,,sina:560080
2024-06-20,560080,,1.095,1.095,1.058,1.066,72801300.0,78079273.0,,,sina:560080
2024-06-21,560080,,1.064,1.075,1.058,1.065,32874800.0,35029315.0,,,sina:560080
2024-06-24,560080,,1.058,1.06,1.038,1.039,40862500.0,42827626.0,,,sina:560080
2024-06-25,560080,,1.039,1.048,1.031,1.038,38869500.0,40445677.0,,,sina:560080
2024-06-26,560080,,1.038,1.055,1.031,1.054,37942200.0,39460067.0,,,sina:560080
2024-06-27,560080,,1.051,1.053,1.03,1.033,40171900.0,41596917.0,,,sina:560080
2024-06-28,560080,,1.032,1.04,1.028,1.031,38897300.0,40280282.0,,,sina:560080
2024-07-01,560080,,1.03,1.057,1.027,1.054,50785000.0,53013663.0,,,sina:560080
2024-07-02,560080,,1.056,1.058,1.044,1.049,42817500.0,44945556.0,,,sina:560080
2024-07-03,560080,,1.046,1.049,1.031,1.034,34319600.0,35620106.0,,,sina:560080
2024-07-04,560080,,1.034,1.035,1.011,1.015,38266800.0,39034294.0,,,sina:560080
2024-07-05,560080,,1.015,1.043,1.006,1.042,50335500.0,51408590.0,,,sina:560080
2024-07-08,560080,,1.039,1.039,1.012,1.017,54817900.0,56032404.0,,,sina:560080
2024-07-09,560080,,1.013,1.024,1.003,1.022,51274900.0,52026634.0,,,sina:560080
2024-07-10,560080,,1.019,1.023,1.006,1.009,52346100.0,53043034.0,,,sina:560080
2024-07-11,560080,,1.018,1.031,1.014,1.028,64785500.0,66349759.0,,,sina:560080
2024-07-12,560080,,1.025,1.03,1.019,1.024,60488500.0,61959980.0,,,sina:560080
2024-07-15,560080,,1.024,1.025,1.013,1.023,37050200.0,37791599.0,,,sina:560080
2024-07-16,560080,,1.018,1.024,1.016,1.02,36944300.0,37682831.0,,,sina:560080
2024-07-17,560080,,1.016,1.027,1.009,1.026,41274112.0,42012990.0,,,sina:560080
2024-07-18,560080,,1.021,1.042,1.016,1.04,107647200.0,111214973.0,,,sina:560080
2024-07-19,560080,,1.036,1.05,1.033,1.049,65594600.0,68501111.0,,,sina:560080
2024-07-22,560080,,1.048,1.06,1.038,1.055,65821000.0,69214414.0,,,sina:560080
2024-07-23,560080,,1.051,1.054,1.018,1.021,74303300.0,76692466.0,,,sina:560080
2024-07-24,560080,,1.013,1.026,1.007,1.009,46719400.0,47417692.0,,,sina:560080
2024-07-25,560080,,1.004,1.004,0.99,0.994,50933200.0,50669577.0,,,sina:560080
2024-07-26,560080,,0.994,1.001,0.988,0.999,37001700.0,36831778.0,,,sina:560080
2024-07-29,560080,,0.999,0.999,0.977,0.979,52177800.0,51344719.0,,,sina:560080
2024-07-30,560080,,0.979,0.979,0.965,0.975,32552900.0,31645474.0,,,sina:560080
2024-07-31,560080,,0.975,1.012,0.973,1.011,71488900.0,71483417.0,,,sina:560080
2024-08-01,560080,,1.01,1.029,1.003,1.011,63540400.0,64489563.0,,,sina:560080
2024-08-02,560080,,1.008,1.027,1.003,1.012,48119300.0,48976733.0,,,sina:560080
2024-08-05,560080,,1.012,1.036,1.01,1.012,62332300.0,63747463.0,,,sina:560080
2024-08-06,560080,,1.017,1.03,1.009,1.029,62225800.0,63417944.0,,,sina:560080
2024-08-07,560080,,1.029,1.029,1.014,1.022,54298000.0,55491783.0,,,sina:560080
2024-08-08,560080,,1.019,1.046,1.018,1.04,94955000.0,98507704.0,,,sina:560080
2024-08-09,560080,,1.04,1.041,1.023,1.025,53331800.0,55020136.0,,,sina:560080
2024-08-12,560080,,1.027,1.062,1.026,1.053,112478800.0,117907397.0,,,sina:560080
2024-08-13,560080,,1.049,1.049,1.034,1.046,70853000.0,73697771.0,,,sina:560080
2024-08-14,560080,,1.043,1.043,1.026,1.03,49778600.0,51390564.0,,,sina:560080
2024-08-15,560080,,1.027,1.042,1.025,1.032,46425300.0,47960701.0,,,sina:560080
2024-08-16,560080,,1.033,1.036,1.021,1.031,34928000.0,35947813.0,,,sina:560080
2024-08-19,560080,,1.03,1.037,1.022,1.023,27929800.0,28688694.0,,,sina:560080
2024-08-20,560080,,1.023,1.024,1.005,1.01,41823200.0,42324462.0,,,sina:560080
2024-08-21,560080,,1.007,1.014,0.998,0.999,24038200.0,24136364.0,,,sina:560080
2024-08-22,560080,,1.0,1.008,0.995,0.995,22921000.0,22919368.0,,,sina:560080
2024-08-23,560080,,0.993,1.004,0.992,0.997,24555300.0,24450071.0,,,sina:560080
2024-08-26,560080,,0.999,0.999,0.981,0.988,27490200.0,27122540.0,,,sina:560080
2024-08-27,560080,,0.987,0.99,0.978,0.982,22202700.0,21804976.0,,,sina:560080
2024-08-28,560080,,0.982,0.99,0.979,0.988,21272200.0,20943330.0,,,sina:560080
2024-08-29,560080,,0.985,1.002,0.981,1.0,47960200.0,47801100.0,,,sina:560080
2024-08-30,560080,,0.996,1.014,0.99,1.006,67451300.0,67667928.0,,,sina:560080
2024-09-02,560080,,1.005,1.005,0.982,0.982,54312300.0,53726111.0,,,sina:560080
2024-09-03,560080,,0.98,0.999,0.978,0.988,45221300.0,44807898.0,,,sina:560080
2024-09-04,560080,,0.984,0.995,0.983,0.985,25104059.0,24849540.0,,,sina:560080
2024-09-05,560080,,0.985,0.995,0.983,0.992,28978600.0,28675501.0,,,sina:560080
2024-09-06,560080,,0.993,0.994,0.977,0.977,29176400.0,28662471.0,,,sina:560080
2024-09-09,560080,,0.974,0.983,0.968,0.971,25560600.0,24940032.0,,,sina:560080
2024-09-10,560080,,0.973,0.974,0.943,0.952,45044400.0,42922374.0,,,sina:560080
2024-09-11,560080,,0.945,0.948,0.936,0.94,35550141.0,33411986.0,,,sina:560080
2024-09-12,560080,,0.942,0.942,0.923,0.925,50024500.0,46585352.0,,,sina:560080
2024-09-13,560080,,0.922,0.929,0.915,0.916,56840400.0,52322856.0,,,sina:560080
2024-09-18,560080,,0.915,0.92,0.906,0.915,31158100.0,28432247.0,,,sina:560080
2024-09-19,560080,,0.917,0.933,0.907,0.927,48017300.0,44206545.0,,,sina:560080
2024-09-20,560080,,0.927,0.927,0.915,0.925,32658300.0,30038366.0,,,sina:560080
2024-09-23,560080,,0.922,0.936,0.922,0.923,25584000.0,23759133.0,,,sina:560080
2024-09-24,560080,,0.925,0.957,0.92,0.957,59384600.0,55725605.0,,,sina:560080
2024-09-25,560080,,0.961,0.99,0.961,0.976,72837900.0,71389060.0,,,sina:560080
2024-09-26,560080,,0.972,1.018,0.969,1.018,70392830.0,69921754.0,,,sina:560080
2024-09-27,560080,,1.03,1.065,1.03,1.065,47939600.0,50073504.0,,,sina:560080
2024-09-30,560080,,1.101,1.172,1.1,1.172,156443123.0,178322956.0,,,sina:560080
2024-10-08,560080,,1.289,1.289,1.155,1.256,190124700.0,234458355.0,,,sina:560080
2024-10-09,560080,,1.23,1.23,1.13,1.13,148920500.0,172031614.0,,,sina:560080
2024-10-10,560080,,1.13,1.17,1.114,1.133,133915200.0,153198385.0,,,sina:560080
2024-10-11,560080,,1.123,1.127,1.075,1.091,131354000.0,144700526.0,,,sina:560080
2024-10-14,560080,,1.083,1.103,1.07,1.098,71371100.0,77698112.0,,,sina:560080
2024-10-15,560080,,1.092,1.103,1.075,1.076,55326900.0,60404419.0,,,sina:560080
2024-10-16,560080,,1.07,1.085,1.061,1.072,59886700.0,64311683.0,,,sina:560080
2024-10-17,560080,,1.076,1.083,1.056,1.057,52640100.0,56402468.0,,,sina:560080
2024-10-18,560080,,1.053,1.106,1.053,1.087,76556100.0,82234209.0,,,sina:560080
2024-10-21,560080,,1.09,1.115,1.08,1.107,77673400.0,85429755.0,,,sina:560080
2024-10-22,560080,,1.108,1.128,1.103,1.125,85447400.0,95714041.0,,,sina:560080
2024-10-23,560080,,1.122,1.129,1.115,1.121,90025400.0,100891550.0,,,sina:560080
2024-10-24,560080,,1.117,1.128,1.111,1.113,54343500.0,60821500.0,,,sina:560080
2024-10-25,560080,,1.108,1.122,1.102,1.116,90959200.0,101313407.0,,,sina:560080
2024-10-28,560080,,1.11,1.14,1.109,1.139,95913900.0,108382725.0,,,sina:560080
2024-10-29,560080,,1.139,1.142,1.113,1.117,87052100.0,97766297.0,,,sina:560080
2024-10-30,560080,,1.113,1.126,1.104,1.114,50634000.0,56422621.0,,,sina:560080
2024-10-31,560080,,1.115,1.119,1.103,1.109,51780200.0,57463350.0,,,sina:560080
2024-11-01,560080,,1.106,1.12,1.098,1.108,59519400.0,65988640.0,,,sina:560080
2024-11-04,560080,,1.11,1.115,1.103,1.115,41411500.0,45926092.0,,,sina:560080
2024-11-05,560080,,1.116,1.135,1.106,1.134,83630594.0,94045009.0,,,sina:560080
2024-11-06,560080,,1.133,1.142,1.123,1.127,64465800.0,73022241.0,,,sina:560080
2024-11-07,560080,,1.125,1.183,1.121,1.183,138061000.0,160285942.0,,,sina:560080
2024-11-08,560080,,1.199,1.2,1.166,1.178,199623200.0,235241147.0,,,sina:560080
2024-11-11,560080,,1.176,1.178,1.153,1.178,99401100.0,116084351.0,,,sina:560080
2024-11-12,560080,,1.178,1.209,1.175,1.184,127756700.0,152493360.0,,,sina:560080
2024-11-13,560080,,1.175,1.191,1.16,1.173,72803300.0,85326491.0,,,sina:560080
2024-11-14,560080,,1.173,1.174,1.146,1.148,67002500.0,77804156.0,,,sina:560080
2024-11-15,560080,,1.145,1.151,1.127,1.128,84485000.0,96414425.0,,,sina:560080
2024-11-18,560080,,1.131,1.14,1.113,1.119,67920300.0,76699652.0,,,sina:560080
2024-11-19,560080,,1.121,1.132,1.11,1.131,60877500.0,68345214.0,,,sina:560080
2024-11-20,560080,,1.127,1.145,1.125,1.14,49443200.0,56291723.0,,,sina:560080
2024-11-21,560080,,1.14,1.142,1.129,1.139,36769500.0,41756873.0,,,sina:560080
2024-11-22,560080,,1.137,1.142,1.099,1.101,52247200.0,58395115.0,,,sina:560080
2024-11-25,560080,,1.102,1.108,1.09,1.099,36009800.0,39593103.0,,,sina:560080
2024-11-26,560080,,1.098,1.115,1.097,1.103,39463500.0,43720093.0,,,sina:560080
2024-11-27,560080,,1.1,1.117,1.089,1.117,40833200.0,45064913.0,,,sina:560080
2024-11-28,560080,,1.117,1.119,1.109,1.11,32149300.0,35797968.0,,,sina:560080
2024-11-29,560080,,1.11,1.132,1.109,1.124,43673300.0,49006783.0,,,sina:560080
2024-12-02,560080,,1.121,1.138,1.121,1.137,42719000.0,48300387.0,,,sina:560080
2024-12-03,560080,,1.137,1.137,1.126,1.132,40936000.0,46261403.0,,,sina:560080
2024-12-04,560080,,1.133,1.136,1.119,1.122,25502068.0,28763684.0,,,sina:560080
2024-12-05,560080,,1.122,1.122,1.108,1.116,34883900.0,38806383.0,,,sina:560080
2024-12-06,560080,,1.115,1.131,1.113,1.128,34843600.0,39124483.0,,,sina:560080
2024-12-09,560080,,1.128,1.135,1.117,1.121,30711400.0,34581511.0,,,sina:560080
2024-12-10,560080,,1.141,1.148,1.124,1.128,50462400.0,57352727.0,,,sina:560080
2024-12-11,560080,,1.128,1.135,1.124,1.135,25832090.0,29246444.0,,,sina:560080
2024-12-12,560080,,1.136,1.16,1.13,1.159,99907600.0,115000865.0,,,sina:560080
2024-12-13,560080,,1.158,1.158,1.133,1.135,54721400.0,62526120.0,,,sina:560080
2024-12-16,560080,,1.133,1.142,1.118,1.121,40846700.0,46048431.0,,,sina:560080
2024-12-17,560080,,1.122,1.126,1.11,1.112,43019300.0,47982416.0,,,sina:560080
2024-12-18,560080,,1.112,1.119,1.11,1.114,25398300.0,28314377.0,,,sina:560080
2024-12-19,560080,,1.11,1.121,1.104,1.119,34102100.0,37971079.0,,,sina:560080
2024-12-20,560080,,1.118,1.139,1.117,1.133,39249200.0,44401517.0,,,sina:560080
2024-12-23,560080,,1.13,1.136,1.116,1.117,39611400.0,44565878.0,,,sina:560080
2024-12-24,560080,,1.116,1.121,1.112,1.119,120740200.0,134635431.0,,,sina:560080
2024-12-25,560080,,1.123,1.123,1.106,1.113,39049100.0,43478332.0,,,sina:560080
2024-12-26,560080,,1.112,1.112,1.104,1.106,28234800.0,31272139.0,,,sina:560080
2024-12-27,560080,,1.103,1.116,1.101,1.114,39613300.0,44002509.0,,,sina:560080
2024-12-30,560080,,1.11,1.119,1.108,1.11,27306200.0,30408685.0,,,sina:560080
2024-12-31,560080,,1.111,1.114,1.09,1.091,44676000.0,49205333.0,,,sina:560080
2025-01-02,560080,,1.089,1.096,1.059,1.066,45762500.0,49322988.0,,,sina:560080
2025-01-03,560080,,1.066,1.077,1.053,1.058,43239100.0,46128555.0,,,sina:560080
2025-01-06,560080,,1.06,1.091,1.06,1.089,71391400.0,77214483.0,,,sina:560080
2025-01-07,560080,,1.084,1.084,1.053,1.07,65030800.0,69206875.0,,,sina:560080
2025-01-08,560080,,1.065,1.071,1.047,1.061,43764300.0,46405837.0,,,sina:560080
2025-01-09,560080,,1.057,1.064,1.046,1.055,30268700.0,31997731.0,,,sina:560080
2025-01-10,560080,,1.053,1.055,1.033,1.034,38595500.0,40229651.0,,,sina:560080
2025-01-13,560080,,1.032,1.035,1.025,1.03,26767500.0,27559774.0,,,sina:560080
2025-01-14,560080,,1.03,1.056,1.029,1.056,35404900.0,36974923.0,,,sina:560080
2025-01-15,560080,,1.055,1.055,1.045,1.048,20415200.0,21410947.0,,,sina:560080
2025-01-16,560080,,1.05,1.06,1.04,1.044,26642200.0,27990231.0,,,sina:560080
2025-01-17,560080,,1.041,1.056,1.04,1.053,30883500.0,32390591.0,,,sina:560080
2025-01-20,560080,,1.055,1.061,1.049,1.052,33816900.0,35645174.0,,,sina:560080
2025-01-21,560080,,1.055,1.055,1.041,1.048,23399500.0,24477681.0,,,sina:560080
2025-01-22,560080,,1.045,1.046,1.032,1.036,23700700.0,24558521.0,,,sina:560080
2025-01-23,560080,,1.04,1.05,1.035,1.036,27316200.0,28492281.0,,,sina:560080
2025-01-24,560080,,1.032,1.035,1.025,1.034,40973901.0,42230803.0,,,sina:560080
2025-01-27,560080,,1.035,1.049,1.034,1.038,34050300.0,35442281.0,,,sina:560080
2025-02-05,560080,,1.04,1.046,1.037,1.044,28249200.0,29418219.0,,,sina:560080
2025-02-06,560080,,1.04,1.05,1.037,1.049,39906800.0,41665298.0,,,sina:560080
2025-02-07,560080,,1.051,1.06,1.045,1.057,55670500.0,58676261.0,,,sina:560080
2025-02-10,560080,,1.055,1.061,1.053,1.057,39307300.0,41488332.0,,,sina:560080
2025-02-11,560080,,1.058,1.059,1.047,1.05,34522400.0,36243633.0,,,sina:560080
2025-02-12,560080,,1.052,1.052,1.045,1.051,33868500.0,35527077.0,,,sina:560080
2025-02-13,560080,,1.052,1.057,1.048,1.053,36064600.0,38016969.0,,,sina:560080
2025-02-14,560080,,1.054,1.065,1.052,1.062,56013600.0,59405633.0,,,sina:560080
2025-02-17,560080,,1.063,1.066,1.048,1.053,53807900.0,56794181.0,,,sina:560080
2025-02-18,560080,,1.051,1.052,1.034,1.037,64659600.0,67458033.0,,,sina:560080
2025-02-19,560080,,1.035,1.039,1.03,1.037,48218000.0,49855323.0,,,sina:560080
2025-02-20,560080,,1.038,1.047,1.034,1.036,53869400.0,55971730.0,,,sina:560080
2025-02-21,560080,,1.038,1.039,1.022,1.031,90813300.0,93417883.0,,,sina:560080
2025-02-24,560080,,1.031,1.035,1.025,1.028,56100100.0,57762136.0,,,sina:560080
2025-02-25,560080,,1.024,1.025,1.013,1.015,68528000.0,69771500.0,,,sina:560080
2025-02-26,560080,,1.015,1.022,1.014,1.022,38446700.0,39149869.0,,,sina:560080
2025-02-27,560080,,1.022,1.03,1.018,1.029,67332600.0,68948714.0,,,sina:560080
2025-02-28,560080,,1.025,1.036,1.019,1.021,75844300.0,78076924.0,,,sina:560080
2025-03-03,560080,,1.025,1.04,1.022,1.033,86180500.0,89043142.0,,,sina:560080
2025-03-04,560080,,1.033,1.033,1.025,1.032,41676000.0,42878228.0,,,sina:560080
2025-03-05,560080,,1.03,1.032,1.018,1.023,52039200.0,53188246.0,,,sina:560080
2025-03-06,560080,,1.025,1.028,1.019,1.028,69175500.0,70881465.0,,,sina:560080
2025-03-07,560080,,1.023,1.027,1.02,1.022,54604200.0,55874727.0,,,sina:560080
2025-03-10,560080,,1.025,1.032,1.025,1.031,62636600.0,64453616.0,,,sina:560080
2025-03-11,560080,,1.027,1.034,1.021,1.034,47042000.0,48386565.0,,,sina:560080
2025-03-12,560080,,1.034,1.041,1.031,1.033,44461100.0,46011647.0,,,sina:560080
2025-03-13,560080,,1.032,1.035,1.027,1.034,55384500.0,57111604.0,,,sina:560080
2025-03-14,560080,,1.034,1.054,1.033,1.054,111321641.0,116191192.0,,,sina:560080
2025-03-17,560080,,1.058,1.061,1.049,1.05,58088600.0,61262286.0,,,sina:560080
2025-03-18,560080,,1.051,1.056,1.047,1.05,49784700.0,52348226.0,,,sina:560080
2025-03-19,560080,,1.049,1.054,1.047,1.049,39318500.0,41271121.0,,,sina:560080
2025-03-20,560080,,1.049,1.052,1.046,1.048,47448300.0,49730887.0,,,sina:560080
2025-03-21,560080,,1.065,1.07,1.045,1.051,165749800.0,175182288.0,,,sina:560080
2025-03-24,560080,,1.045,1.057,1.04,1.048,218071000.0,228501581.0,,,sina:560080
2025-03-25,560080,,1.046,1.047,1.038,1.046,71072100.0,74066523.0,,,sina:560080
2025-03-26,560080,,1.044,1.047,1.04,1.044,66546600.0,69464096.0,,,sina:560080
2025-03-27,560080,,1.041,1.054,1.037,1.053,99711800.0,104387680.0,,,sina:560080
2025-03-28,560080,,1.052,1.059,1.043,1.044,96922800.0,101780514.0,,,sina:560080
2025-03-31,560080,,1.042,1.05,1.032,1.036,66556700.0,69193325.0,,,sina:560080
2025-04-01,560080,,1.037,1.067,1.037,1.06,135351800.0,143164147.0,,,sina:560080
2025-04-02,560080,,1.06,1.062,1.053,1.056,35126700.0,37135218.0,,,sina:560080
2025-04-03,560080,,1.051,1.065,1.049,1.065,67527700.0,71576415.0,,,sina:560080
2025-04-07,560080,,1.048,1.048,0.975,0.992,142335499.0,143838881.0,,,sina:560080
2025-04-08,560080,,1.007,1.017,0.994,1.016,104117600.0,104840011.0,,,sina:560080
2025-04-09,560080,,1.008,1.03,0.988,1.025,85168159.0,85932156.0,,,sina:560080
2025-04-10,560080,,1.029,1.04,1.025,1.036,71802700.0,74233672.0,,,sina:560080
2025-04-11,560080,,1.033,1.042,1.027,1.032,45026700.0,46521044.0,,,sina:560080
2025-04-14,560080,,1.032,1.039,1.031,1.034,40230400.0,41607897.0,,,sina:560080
2025-04-15,560080,,1.033,1.047,1.026,1.047,65718800.0,68252310.0,,,sina:560080
2025-04-16,560080,,1.042,1.043,1.029,1.039,51286900.0,53144557.0,,,sina:560080
2025-04-17,560080,,1.035,1.043,1.035,1.038,38533500.0,40049391.0,,,sina:560080
2025-04-18,560080,,1.037,1.044,1.033,1.035,36403500.0,37729790.0,,,sina:560080
2025-04-21,560080,,1.036,1.038,1.03,1.036,35644100.0,36903601.0,,,sina:560080
2025-04-22,560080,,1.035,1.051,1.034,1.049,76000700.0,79563195.0,,,sina:560080
2025-04-23,560080,,1.046,1.048,1.033,1.035,64814200.0,67349728.0,,,sina:560080
2025-04-24,560080,,1.034,1.043,1.034,1.039,45632800.0,47424083.0,,,sina:560080
2025-04-25,560080,,1.04,1.041,1.03,1.032,40876100.0,42272887.0,,,sina:560080
2025-04-28,560080,,1.032,1.032,1.02,1.021,34451500.0,35277639.0,,,sina:560080
2025-04-29,560080,,1.02,1.021,1.012,1.018,32332100.0,32867557.0,,,sina:560080
2025-04-30,560080,,1.019,1.029,1.019,1.022,40159900.0,41167815.0,,,sina:560080
2025-05-06,560080,,1.023,1.028,1.021,1.028,32846800.0,33660358.0,,,sina:560080
2025-05-07,560080,,1.032,1.036,1.028,1.033,36496500.0,37645713.0,,,sina:560080
2025-05-08,560080,,1.03,1.036,1.029,1.035,25393300.0,26244611.0,,,sina:560080
2025-05-09,560080,,1.034,1.038,1.033,1.036,32109700.0,33258014.0,,,sina:560080
2025-05-12,560080,,1.036,1.038,1.03,1.037,27033200.0,27953099.0,,,sina:560080
2025-05-13,560080,,1.038,1.041,1.035,1.04,45105200.0,46858272.0,,,sina:560080
2025-05-14,560080,,1.037,1.045,1.032,1.044,51721100.0,53707301.0,,,sina:560080
2025-05-15,560080,,1.042,1.049,1.041,1.044,43458800.0,45433603.0,,,sina:560080
2025-05-16,560080,,1.046,1.057,1.042,1.054,63637500.0,66960056.0,,,sina:560080
2025-05-19,560080,,1.053,1.056,1.047,1.05,44247800.0,46486023.0,,,sina:560080
2025-05-20,560080,,1.049,1.062,1.049,1.059,53525800.0,56643962.0,,,sina:560080
2025-05-21,560080,,1.062,1.069,1.057,1.062,46296400.0,49296477.0,,,sina:560080
2025-05-22,560080,,1.061,1.062,1.049,1.052,62181700.0,65507149.0,,,sina:560080
2025-05-23,560080,,1.054,1.068,1.054,1.055,55159300.0,58602870.0,,,sina:560080
2025-05-26,560080,,1.055,1.056,1.042,1.046,32673300.0,34250885.0,,,sina:560080
2025-05-27,560080,,1.043,1.058,1.043,1.054,29347100.0,30893709.0,,,sina:560080
2025-05-28,560080,,1.053,1.055,1.048,1.052,21102200.0,22191782.0,,,sina:560080
2025-05-29,560080,,1.052,1.063,1.047,1.062,42191000.0,44543780.0,,,sina:560080
2025-05-30,560080,,1.058,1.073,1.058,1.068,49678400.0,53014448.0,,,sina:560080
2025-06-03,560080,,1.064,1.085,1.06,1.084,45947200.0,49496182.0,,,sina:560080
2025-06-04,560080,,1.083,1.084,1.075,1.081,49108900.0,53076929.0,,,sina:560080
2025-06-05,560080,,1.085,1.085,1.068,1.071,42968400.0,46146887.0,,,sina:560080
2025-06-06,560080,,1.071,1.076,1.067,1.069,17085500.0,18288218.0,,,sina:560080
2025-06-09,560080,,1.07,1.088,1.07,1.082,30933100.0,33489325.0,,,sina:560080
2025-06-10,560080,,1.087,1.092,1.077,1.084,56214098.0,61021334.0,,,sina:560080
2025-06-11,560080,,1.084,1.095,1.084,1.087,28910200.0,31490321.0,,,sina:560080
2025-06-12,560080,,1.086,1.087,1.078,1.085,26904100.0,29110159.0,,,sina:560080
2025-06-13,560080,,1.081,1.086,1.064,1.064,41167800.0,44075798.0,,,sina:560080
2025-06-16,560080,,1.065,1.066,1.058,1.06,33369135.0,35419279.0,,,sina:560080
2025-06-17,560080,,1.059,1.068,1.051,1.054,32035925.0,33851759.0,,,sina:560080
2025-06-18,560080,,1.055,1.056,1.046,1.048,21986390.0,23051572.0,,,sina:560080
2025-06-19,560080,,1.051,1.052,1.035,1.039,30521200.0,31777780.0,,,sina:560080
2025-06-20,560080,,1.04,1.042,1.037,1.041,12646400.0,13154070.0,,,sina:560080
2025-06-23,560080,,1.037,1.041,1.031,1.04,23222300.0,24055072.0,,,sina:560080
2025-06-24,560080,,1.041,1.051,1.04,1.051,32435300.0,33955023.0,,,sina:560080
2025-06-25,560080,,1.051,1.056,1.044,1.056,40377900.0,42422661.0,,,sina:560080
2025-06-26,560080,,1.056,1.057,1.049,1.05,37878000.0,39822468.0,,,sina:560080
2025-06-27,560080,,1.052,1.056,1.049,1.05,31320200.0,32964220.0,,,sina:560080
2025-06-30,560080,,1.05,1.06,1.046,1.052,39880600.0,41881556.0,,,sina:560080
2025-07-01,560080,,1.052,1.057,1.05,1.057,35653807.0,37567678.0,,,sina:560080
2025-07-02,560080,,1.057,1.058,1.05,1.052,15457700.0,16267391.0,,,sina:560080
2025-07-03,560080,,1.053,1.066,1.052,1.063,41639400.0,44212064.0,,,sina:560080
2025-07-04,560080,,1.064,1.067,1.058,1.064,25040722.0,26604667.0,,,sina:560080
2025-07-07,560080,,1.063,1.067,1.058,1.06,20141400.0,21381133.0,,,sina:560080
2025-07-08,560080,,1.06,1.069,1.059,1.064,25559000.0,27155725.0,,,sina:560080
2025-07-09,560080,,1.062,1.067,1.058,1.061,30908300.0,32868964.0,,,sina:560080
2025-07-10,560080,,1.06,1.066,1.058,1.065,17764600.0,18881155.0,,,sina:560080
2025-07-11,560080,,1.065,1.076,1.064,1.07,37718600.0,40387396.0,,,sina:560080
2025-07-14,560080,,1.071,1.076,1.068,1.072,25686900.0,27527116.0,,,sina:560080
2025-07-15,560080,,1.072,1.073,1.058,1.063,32889400.0,34973817.0,,,sina:560080
2025-07-16,560080,,1.061,1.076,1.061,1.076,38321900.0,40994500.0,,,sina:560080
2025-07-17,560080,,1.074,1.085,1.074,1.084,36134100.0,39094664.0,,,sina:560080
2025-07-18,560080,,1.081,1.087,1.076,1.086,34072400.0,36807265.0,,,sina:560080
2025-07-21,560080,,1.086,1.088,1.079,1.088,29033500.0,31478739.0,,,sina:560080
2025-07-22,560080,,1.088,1.1,1.085,1.098,49927700.0,54699161.0,,,sina:560080
2025-07-23,560080,,1.098,1.105,1.093,1.095,61662200.0,67853175.0,,,sina:560080
2025-07-24,560080,,1.095,1.112,1.095,1.111,46787300.0,51597246.0,,,sina:560080
2025-07-25,560080,,1.111,1.116,1.099,1.101,50133100.0,55506384.0,,,sina:560080
2025-07-28,560080,,1.102,1.107,1.1,1.103,36139500.0,39869621.0,,,sina:560080
2025-07-29,560080,,1.103,1.116,1.098,1.116,78889400.0,87448097.0,,,sina:560080
2025-07-30,560080,,1.116,1.139,1.111,1.127,126476099.0,142464134.0,,,sina:560080
2025-07-31,560080,,1.121,1.127,1.108,1.112,94737700.0,105844042.0,,,sina:560080
2025-08-01,560080,,1.11,1.147,1.11,1.133,127864394.0,145079130.0,,,sina:560080
2025-08-04,560080,,1.133,1.137,1.113,1.134,110182300.0,124113005.0,,,sina:560080
2025-08-05,560080,,1.131,1.138,1.124,1.132,87155107.0,98464756.0,,,sina:560080
2025-08-06,560080,,1.131,1.135,1.116,1.121,77546600.0,86934311.0,,,sina:560080
2025-08-07,560080,,1.116,1.121,1.109,1.112,60261375.0,67165795.0,,,sina:560080
2025-08-08,560080,,1.11,1.119,1.108,1.116,46853000.0,52174005.0,,,sina:560080
2025-08-11,560080,,1.113,1.128,1.113,1.128,53689013.0,60207884.0,,,sina:560080
2025-08-12,560080,,1.125,1.138,1.123,1.126,49528287.0,55958922.0,,,sina:560080
2025-08-13,560080,,1.123,1.129,1.117,1.127,77901297.0,87512380.0,,,sina:560080
2025-08-14,560080,,1.127,1.134,1.117,1.119,71929092.0,80916008.0,,,sina:560080
2025-08-15,560080,,1.117,1.128,1.115,1.128,43640900.0,48960163.0,,,sina:560080
2025-08-18,560080,,1.128,1.145,1.127,1.141,74623000.0,84925293.0,,,sina:560080
2025-08-19,560080,,1.139,1.157,1.138,1.146,83498700.0,95832071.0,,,sina:560080
2025-08-20,560080,,1.14,1.162,1.095,1.159,98255764.0,112028484.0,,,sina:560080
2025-08-21,560080,,1.155,1.165,1.15,1.155,155786700.0,180704032.0,,,sina:560080
2025-08-22,560080,,1.155,1.158,1.143,1.158,105350600.0,121193677.0,,,sina:560080
2025-08-25,560080,,1.156,1.162,1.15,1.161,132602100.0,153309358.0,,,sina:560080
2025-08-26,560080,,1.16,1.16,1.151,1.152,82038088.0,94636253.0,,,sina:560080
2025-08-27,560080,,1.153,1.154,1.122,1.124,119038869.0,135638709.0,,,sina:560080
2025-08-28,560080,,1.122,1.131,1.102,1.12,103262100.0,115325028.0,,,sina:560080
2025-08-29,560080,,1.12,1.131,1.119,1.128,83293712.0,93832102.0,,,sina:560080
2025-09-01,560080,,1.129,1.135,1.123,1.133,81050300.0,91633781.0,,,sina:560080
2025-09-02,560080,,1.133,1.138,1.117,1.122,81085400.0,91456550.0,,,sina:560080
2025-09-03,560080,,1.121,1.125,1.106,1.108,56252100.0,62606852.0,,,sina:560080
2025-09-04,560080,,1.106,1.11,1.091,1.101,70173362.0,77313645.0,,,sina:560080
2025-09-05,560080,,1.099,1.112,1.095,1.111,66844500.0,73806513.0,,,sina:560080
2025-09-08,560080,,1.112,1.127,1.11,1.126,76181700.0,85379307.0,,,sina:560080
2025-09-09,560080,,1.126,1.126,1.111,1.116,52271800.0,58450686.0,,,sina:560080
2025-09-10,560080,,1.114,1.12,1.11,1.112,45512900.0,50712991.0,,,sina:560080
2025-09-11,560080,,1.109,1.121,1.098,1.12,67120000.0,74465527.0,,,sina:560080
2025-09-12,560080,,1.12,1.122,1.11,1.113,88218094.0,98333300.0,,,sina:560080
2025-09-15,560080,,1.11,1.114,1.103,1.107,84157694.0,93092104.0,,,sina:560080
2025-09-16,560080,,1.106,1.108,1.093,1.105,147329100.0,161802836.0,,,sina:560080
2025-09-17,560080,,1.106,1.108,1.1,1.104,65096400.0,71833316.0,,,sina:560080
2025-09-18,560080,,1.105,1.108,1.088,1.094,109578800.0,120548899.0,,,sina:560080
2025-09-19,560080,,1.094,1.094,1.082,1.087,85731400.0,93087643.0,,,sina:560080
2025-09-22,560080,,1.088,1.094,1.076,1.081,99882821.0,107942109.0,,,sina:560080
2025-09-23,560080,,1.077,1.08,1.058,1.07,91183221.0,97278696.0,,,sina:560080
2025-09-24,560080,,1.067,1.081,1.065,1.081,64401674.0,69282315.0,,,sina:560080
2025-09-25,560080,,1.082,1.083,1.07,1.074,61490221.0,66078936.0,,,sina:560080
2025-09-26,560080,,1.074,1.074,1.064,1.07,49189700.0,52572873.0,,,sina:560080
2025-09-29,560080,,1.068,1.078,1.06,1.076,70454600.0,75375725.0,,,sina:560080
2025-09-30,560080,,1.077,1.077,1.07,1.073,63337321.0,67917653.0,,,sina:560080
2025-10-09,560080,,1.074,1.082,1.063,1.082,86181599.0,92376135.0,,,sina:560080
2025-10-10,560080,,1.078,1.09,1.074,1.09,122874357.0,133419608.0,,,sina:560080
2025-10-13,560080,,1.082,1.083,1.069,1.08,110257361.0,118560414.0,,,sina:560080
2025-10-14,560080,,1.078,1.087,1.078,1.083,96612794.0,104586846.0,,,sina:560080
2025-10-15,560080,,1.083,1.093,1.081,1.092,95268200.0,103645136.0,,,sina:560080
2025-10-16,560080,,1.092,1.101,1.088,1.101,116462300.0,127706576.0,,,sina:560080
2025-10-17,560080,,1.097,1.104,1.088,1.089,155914131.0,170760471.0,,,sina:560080
2025-10-20,560080,,1.085,1.09,1.079,1.087,87822158.0,95103492.0,,,sina:560080
2025-10-21,560080,,1.086,1.089,1.081,1.088,126611295.0,137588370.0,,,sina:560080
2025-10-22,560080,,1.086,1.095,1.084,1.091,242915800.0,265249545.0,,,sina:560080
2025-10-23,560080,,1.089,1.09,1.079,1.086,106870500.0,115739054.0,,,sina:560080
2025-10-24,560080,,1.086,1.088,1.079,1.082,148404600.0,160453396.0,,,sina:560080
2025-10-27,560080,,1.082,1.083,1.075,1.078,248180000.0,267502065.0,,,sina:560080
2025-10-28,560080,,1.078,1.079,1.071,1.072,118650729.0,127439223.0,,,sina:560080
2025-10-29,560080,,1.071,1.077,1.065,1.075,68984100.0,73896025.0,,,sina:560080
2025-10-30,560080,,1.075,1.076,1.068,1.068,63409500.0,67958577.0,,,sina:560080
2025-10-31,560080,,1.068,1.085,1.067,1.085,143433300.0,154887793.0,,,sina:560080
2025-11-03,560080,,1.086,1.088,1.081,1.088,78128600.0,84817665.0,,,sina:560080
2025-11-04,560080,,1.086,1.087,1.075,1.08,74997669.0,81032251.0,,,sina:560080
2025-11-05,560080,,1.077,1.083,1.075,1.082,49070761.0,52990705.0,,,sina:560080
2025-11-06,560080,,1.083,1.084,1.077,1.084,75299841.0,81481929.0,,,sina:560080
2025-11-07,560080,,1.082,1.099,1.081,1.097,148085200.0,161929169.0,,,sina:560080
2025-11-10,560080,,1.097,1.114,1.095,1.114,145218033.0,160782822.0,,,sina:560080
2025-11-11,560080,,1.108,1.122,1.105,1.12,126454700.0,140976681.0,,,sina:560080
2025-11-12,560080,,1.12,1.128,1.12,1.127,154861298.0,174022349.0,,,sina:560080
2025-11-13,560080,,1.125,1.133,1.117,1.128,116230177.0,130594202.0,,,sina:560080
2025-11-14,560080,,1.126,1.147,1.125,1.137,186299214.0,212523884.0,,,sina:560080
2025-11-17,560080,,1.137,1.139,1.116,1.119,114032639.0,127875447.0,,,sina:560080
2025-11-18,560080,,1.115,1.121,1.101,1.105,97470850.0,108014661.0,,,sina:560080
2025-11-19,560080,,1.105,1.106,1.089,1.093,96697509.0,105983285.0,,,sina:560080
2025-11-20,560080,,1.096,1.099,1.089,1.093,104209479.0,113965836.0,,,sina:560080
2025-11-21,560080,,1.085,1.094,1.069,1.07,112781116.0,121715571.0,,,sina:560080
2025-11-24,560080,,1.071,1.08,1.071,1.077,58857400.0,63334842.0,,,sina:560080
2025-11-25,560080,,1.077,1.091,1.074,1.087,74393500.0,80712442.0,,,sina:560080
2025-11-26,560080,,1.088,1.101,1.087,1.089,136527000.0,149330377.0,,,sina:560080
2025-11-27,560080,,1.087,1.091,1.083,1.09,57385400.0,62403412.0,,,sina:560080
2025-11-28,560080,,1.088,1.088,1.075,1.079,66127600.0,71318274.0,,,sina:560080
2025-12-01,560080,,1.08,1.09,1.079,1.089,84264411.0,91439196.0,,,sina:560080
2025-12-02,560080,,1.087,1.089,1.081,1.083,59104967.0,64127319.0,,,sina:560080
2025-12-03,560080,,1.08,1.094,1.08,1.093,72385100.0,78691245.0,,,sina:560080
2025-12-04,560080,,1.09,1.09,1.08,1.083,77707387.0,84197546.0,,,sina:560080
2025-12-05,560080,,1.082,1.085,1.073,1.084,54568399.0,58863689.0,,,sina:560080
2025-12-08,560080,,1.085,1.088,1.078,1.081,66306551.0,71704254.0,,,sina:560080
2025-12-09,560080,,1.078,1.079,1.067,1.067,67373357.0,72171215.0,,,sina:560080
2025-12-10,560080,,1.067,1.073,1.061,1.072,54753538.0,58432419.0,,,sina:560080
2025-12-11,560080,,1.071,1.074,1.067,1.068,34466438.0,36879933.0,,,sina:560080
2025-12-12,560080,,1.069,1.07,1.062,1.065,64298900.0,68444301.0,,,sina:560080
2025-12-15,560080,,1.063,1.067,1.059,1.065,37548700.0,39922749.0,,,sina:560080
2025-12-16,560080,,1.062,1.063,1.049,1.05,83378800.0,87796775.0,,,sina:560080
2025-12-17,560080,,1.051,1.058,1.044,1.056,44694300.0,46965364.0,,,sina:560080
2025-12-18,560080,,1.053,1.062,1.052,1.059,36625800.0,38789161.0,,,sina:560080
2025-12-19,560080,,1.062,1.066,1.058,1.065,33361400.0,35485225.0,,,sina:560080
2025-12-22,560080,,1.066,1.066,1.06,1.062,28294500.0,30061602.0,,,sina:560080
2025-12-23,560080,,1.062,1.062,1.055,1.056,32856856.0,34755220.0,,,sina:560080
2025-12-24,560080,,1.057,1.058,1.053,1.058,26572900.0,28058738.0,,,sina:560080
2025-12-25,560080,,1.058,1.062,1.056,1.062,23242489.0,24624533.0,,,sina:560080
2025-12-26,560080,,1.062,1.065,1.057,1.06,39807900.0,42226975.0,,,sina:560080
2025-12-29,560080,,1.06,1.061,1.05,1.05,41875900.0,44109517.0,,,sina:560080
2025-12-30,560080,,1.052,1.052,1.046,1.049,31369000.0,32893670.0,,,sina:560080
2025-12-31,560080,,1.049,1.05,1.044,1.046,33322100.0,34849856.0,,,sina:560080
2026-01-05,560080,,1.047,1.064,1.045,1.063,65152400.0,68865697.0,,,sina:560080
2026-01-06,560080,,1.062,1.071,1.062,1.071,66199546.0,70613365.0,,,sina:560080
2026-01-07,560080,,1.071,1.071,1.065,1.066,74283100.0,79319930.0,,,sina:560080
2026-01-08,560080,,1.065,1.068,1.063,1.066,37761100.0,40243212.0,,,sina:560080
2026-01-09,560080,,1.065,1.072,1.064,1.071,66249100.0,70758440.0,,,sina:560080
2026-01-12,560080,,1.071,1.074,1.066,1.073,82433272.0,88128572.0,,,sina:560080
2026-01-13,560080,,1.073,1.085,1.071,1.073,71688728.0,77226383.0,,,sina:560080
2026-01-14,560080,,1.071,1.082,1.061,1.069,91195700.0,97753464.0,,,sina:560080
2026-01-15,560080,,1.065,1.072,1.062,1.065,42532447.0,45356500.0,,,sina:560080
2026-01-16,560080,,1.065,1.068,1.051,1.057,68739600.0,72691353.0,,,sina:560080
2026-01-19,560080,,1.056,1.062,1.053,1.06,71304000.0,75450851.0,,,sina:560080
2026-01-20,560080,,1.059,1.068,1.057,1.067,72797824.0,77523231.0,,,sina:560080
2026-01-21,560080,,1.066,1.067,1.059,1.061,40651073.0,43192926.0,,,sina:560080
2026-01-22,560080,,1.06,1.064,1.057,1.06,49255300.0,52198507.0,,,sina:560080
2026-01-23,560080,,1.061,1.066,1.06,1.063,45567500.0,48464061.0,,,sina:560080
2026-01-26,560080,,1.065,1.08,1.063,1.078,142090100.0,152151996.0,,,sina:560080
2026-01-27,560080,,1.078,1.078,1.05,1.059,97141429.0,102764153.0,,,sina:560080
2026-01-28,560080,,1.054,1.058,1.046,1.047,68373473.0,71796144.0,,,sina:560080
2026-01-29,560080,,1.046,1.062,1.036,1.061,92349337.0,96795213.0,,,sina:560080
2026-01-30,560080,,1.055,1.059,1.043,1.05,61302580.0,64431721.0,,,sina:560080
2026-02-02,560080,,1.047,1.054,1.033,1.037,67148300.0,70178668.0,,,sina:560080
2026-02-03,560080,,1.037,1.044,1.033,1.042,47541500.0,49401996.0,,,sina:560080
2026-02-04,560080,,1.04,1.058,1.039,1.057,82201300.0,86260222.0,,,sina:560080
2026-02-05,560080,,1.058,1.073,1.054,1.067,102257040.0,109031766.0,,,sina:560080
2026-02-06,560080,,1.089,1.1,1.072,1.074,261765867.0,284620133.0,,,sina:560080
2026-02-09,560080,,1.063,1.078,1.062,1.076,125468168.0,134501217.0,,,sina:560080
2026-02-10,560080,,1.072,1.075,1.068,1.07,85968382.0,92030955.0,,,sina:560080
2026-02-11,560080,,1.065,1.071,1.065,1.067,50801842.0,54227027.0,,,sina:560080
2026-02-12,560080,,1.068,1.068,1.055,1.056,82979032.0,87800942.0,,,sina:560080
2026-02-13,560080,,1.055,1.061,1.05,1.052,55020507.0,58107061.0,,,sina:560080
2026-02-24,560080,,1.055,1.058,1.051,1.058,44941381.0,47422868.0,,,sina:560080
2026-02-25,560080,,1.061,1.064,1.055,1.061,43095047.0,45747272.0,,,sina:560080
2026-02-26,560080,,1.059,1.063,1.051,1.053,48919000.0,51610835.0,,,sina:560080
2026-02-27,560080,,1.052,1.055,1.05,1.053,33355200.0,35090105.0,,,sina:560080
2026-03-02,560080,,1.049,1.049,1.035,1.042,73662408.0,76748573.0,,,sina:560080
2026-03-03,560080,,1.042,1.046,1.03,1.031,63179800.0,65567521.0,,,sina:560080
2026-03-04,560080,,1.029,1.029,1.013,1.019,60781700.0,62070869.0,,,sina:560080
2026-03-05,560080,,1.021,1.026,1.019,1.021,44220400.0,45169010.0,,,sina:560080
2026-03-06,560080,,1.02,1.036,1.018,1.034,46808008.0,48164089.0,,,sina:560080
2026-03-09,560080,,1.03,1.032,1.024,1.029,47565900.0,48894913.0,,,sina:560080
2026-03-10,560080,,1.029,1.039,1.029,1.039,36826000.0,38154298.0,,,sina:560080
2026-03-11,560080,,1.039,1.04,1.032,1.038,34254900.0,35486846.0,,,sina:560080
2026-03-12,560080,,1.036,1.038,1.03,1.034,30902800.0,31935176.0,,,sina:560080
2026-03-13,560080,,1.032,1.038,1.03,1.032,42420900.0,43863915.0,,,sina:560080
2026-03-16,560080,,1.03,1.04,1.03,1.039,49915800.0,51703657.0,,,sina:560080
2026-03-17,560080,,1.039,1.05,1.037,1.04,54001200.0,56384426.0,,,sina:560080
2026-03-18,560080,,1.037,1.041,1.03,1.037,39764100.0,41149422.0,,,sina:560080
2026-03-19,560080,,1.034,1.037,1.023,1.025,46345279.0,47677739.0,,,sina:560080
2026-03-20,560080,,1.025,1.039,1.024,1.026,56606900.0,58481609.0,,,sina:560080
2026-03-23,560080,,1.02,1.02,0.975,0.98,111480700.0,110794086.0,,,sina:560080
2026-03-24,560080,,0.987,0.995,0.981,0.994,46622500.0,46087127.0,,,sina:560080
2026-03-25,560080,,0.997,1.003,0.992,1.002,43322500.0,43240108.0,,,sina:560080
2026-03-26,560080,,1.001,1.009,0.989,0.991,34215600.0,34145105.0,,,sina:560080
2026-03-27,560080,,0.988,1.008,0.986,1.007,53103100.0,53097335.0,,,sina:560080
2026-03-30,560080,,1.001,1.018,0.999,1.017,91062800.0,92059499.0,,,sina:560080
2026-03-31,560080,,1.013,1.025,1.01,1.012,49660200.0,50563585.0,,,sina:560080
2026-04-01,560080,,1.016,1.027,1.01,1.027,113824200.0,115854505.0,,,sina:560080
2026-04-02,560080,,1.024,1.035,1.023,1.03,55586300.0,57200542.0,,,sina:560080
2026-04-03,560080,,1.026,1.029,1.013,1.015,48291000.0,49153817.0,,,sina:560080
2026-04-07,560080,,1.015,1.019,1.002,1.009,66376800.0,67104912.0,,,sina:560080
2026-04-08,560080,,1.018,1.027,1.016,1.023,53104210.0,54171756.0,,,sina:560080
2026-04-09,560080,,1.02,1.025,1.004,1.009,64470200.0,65232719.0,,,sina:560080
2026-04-10,560080,,1.008,1.015,1.006,1.01,35099200.0,35473425.0,,,sina:560080
2026-04-13,560080,,1.006,1.006,0.994,0.994,63035000.0,62901128.0,,,sina:560080
2026-04-14,560080,,0.997,1.001,0.992,1.0,32385200.0,32250439.0,,,sina:560080
2026-04-15,560080,,1.002,1.021,1.002,1.02,75892580.0,76936946.0,,,sina:560080
2026-04-16,560080,,1.02,1.02,1.011,1.018,39413900.0,39998884.0,,,sina:560080
2026-04-17,560080,,1.014,1.015,1.0,1.002,46055700.0,46269063.0,,,sina:560080
2026-04-20,560080,,1.001,1.002,0.994,1.0,38620300.0,38535640.0,,,sina:560080
2026-04-21,560080,,1.0,1.003,0.993,0.996,58955600.0,58688937.0,,,sina:560080
2026-04-22,560080,,0.993,0.994,0.989,0.993,65463200.0,64909371.0,,,sina:560080
2026-04-23,560080,,0.992,0.995,0.986,0.993,45121800.0,44706684.0,,,sina:560080
2026-04-24,560080,,0.99,0.993,0.985,0.992,37757000.0,37365834.0,,,sina:560080
2026-04-27,560080,,0.989,0.989,0.982,0.986,33395100.0,32882539.0,,,sina:560080
2026-04-28,560080,,0.987,0.997,0.987,0.991,50859500.0,50461443.0,,,sina:560080
2026-04-29,560080,,0.991,0.996,0.988,0.995,37526400.0,37291945.0,,,sina:560080
2026-04-30,560080,,0.994,1.005,0.994,0.998,54242500.0,54267488.0,,,sina:560080
2026-05-06,560080,,0.998,0.999,0.991,0.994,37694099.0,37478196.0,,,sina:560080
2026-05-07,560080,,0.995,0.998,0.993,0.996,36259600.0,36081872.0,,,sina:560080
2026-05-08,560080,,0.997,1.004,0.997,1.002,65649000.0,65689649.0,,,sina:560080
2026-05-11,560080,,1.003,1.009,0.996,1.008,56089300.0,56269442.0,,,sina:560080
2026-05-12,560080,,1.007,1.007,0.995,0.998,51525000.0,51504127.0,,,sina:560080
2026-05-13,560080,,0.996,1.0,0.991,0.994,37053566.0,36831246.0,,,sina:560080
2026-05-14,560080,,0.992,0.995,0.984,0.987,46990900.0,46462831.0,,,sina:560080
2026-05-15,560080,,0.985,0.987,0.97,0.973,57633697.0,56410787.0,,,sina:560080
2026-05-18,560080,,0.971,0.973,0.958,0.961,65917300.0,63497020.0,,,sina:560080
2026-05-19,560080,,0.96,0.968,0.96,0.966,51052900.0,49243047.0,,,sina:560080
2026-05-20,560080,,0.965,0.966,0.955,0.96,36395966.0,34924597.0,,,sina:560080
2026-05-21,560080,,0.961,0.968,0.949,0.95,51788200.0,49712925.0,,,sina:560080
2026-05-22,560080,,0.951,0.952,0.941,0.944,38075400.0,35971675.0,,,sina:560080
2026-05-25,560080,,0.943,0.946,0.936,0.944,35865000.0,33746272.0,,,sina:560080
2026-05-26,560080,,0.943,0.948,0.935,0.942,44386100.0,41759052.0,,,sina:560080
2026-05-27,560080,,0.939,0.944,0.926,0.941,136382600.0,128131419.0,,,sina:560080
2026-05-28,560080,,0.938,0.94,0.925,0.929,45516303.0,42436493.0,,,sina:560080
2026-05-29,560080,,0.928,0.959,0.927,0.953,67241100.0,63677572.0,,,sina:560080
2026-06-01,560080,,0.95,0.96,0.945,0.96,79302000.0,75730947.0,,,sina:560080
2026-06-02,560080,,0.959,0.962,0.948,0.951,46094200.0,43973120.0,,,sina:560080
2026-06-03,560080,,0.95,0.95,0.934,0.941,38479300.0,36114732.0,,,sina:560080
2026-06-04,560080,,0.937,0.942,0.922,0.928,48924577.0,45401169.0,,,sina:560080
2026-06-05,560080,,0.929,0.942,0.929,0.932,36620300.0,34247426.0,,,sina:560080
2026-06-08,560080,,0.932,0.934,0.913,0.92,74917550.0,68957856.0,,,sina:560080
2026-06-09,560080,,0.921,0.922,0.912,0.916,41781100.0,38264539.0,,,sina:560080
2026-06-10,560080,,0.912,0.924,0.91,0.923,39687900.0,36359621.0,,,sina:560080
2026-06-11,560080,,0.919,0.923,0.909,0.915,34032680.0,31110003.0,,,sina:560080
2026-06-12,560080,,0.917,0.931,0.911,0.93,49664511.0,45922064.0,,,sina:560080
2026-06-15,560080,,0.93,0.934,0.92,0.928,30739000.0,28502021.0,,,sina:560080
2026-06-16,560080,,0.926,0.927,0.912,0.915,38947800.0,35632631.0,,,sina:560080
2026-06-17,560080,中药ETF,0.914,0.914,0.9,0.902,51616800.0,46842246.0,,,
2026-06-18,560080,中药ETF,0.9,0.905,0.89,0.896,58442300.0,52466574.825,,,
2026-06-22,560080,中药ETF,0.892,0.897,0.868,0.896,125500600.0,111475907.95,,,
2026-06-23,560080,中药ETF,0.892,0.919,0.89,0.904,124709600.0,112394527.0,,,
2026-06-24,560080,中药ETF,0.903,0.917,0.891,0.892,52025300.0,46861788.975,,,
2026-06-25,560080,中药ETF,0.887,0.888,0.867,0.882,58750900.0,51759542.9,,,
2026-06-26,560080,中药ETF,0.879,0.883,0.859,0.86,47158700.0,41039858.675,,,
2026-06-29,560080,中药ETF,0.857,0.903,0.847,0.902,74894500.0,65701200.125,,,
2026-06-30,560080,中药ETF,0.899,0.899,0.873,0.878,46944000.0,41651064.00000001,,,
2026-07-01,560080,中药ETF,0.88,0.909,0.869,0.909,66942500.0,59695974.375,,,
2026-07-02,560080,中药ETF,0.907,0.925,0.902,0.916,81753100.0,74599703.75,,,
2026-07-03,560080,中药ETF,0.917,0.929,0.912,0.927,56961000.0,52475321.25,,,
2026-07-06,560080,中药ETF,0.925,0.945,0.918,0.938,55133200.0,51356575.8,,,
2026-07-07,560080,中药ETF,0.938,0.938,0.912,0.914,100152200.0,92690861.1,,,
2026-07-08,560080,中药ETF,0.913,0.93,0.904,0.92,46166100.0,42322772.175,,,
2026-07-09,560080,中药ETF,0.918,0.933,0.91,0.919,37623400.0,34613528.00000001,,,
2026-07-10,560080,中药ETF,0.914,0.939,0.904,0.935,87872700.0,81106502.10000001,,,
2026-07-13,560080,中药ETF,0.939,0.975,0.936,0.974,229032400.0,218954974.4,,,
2026-07-14,560080,中药ETF,0.974,0.99,0.949,0.986,205447400.0,200259853.15,,,
2026-07-15,560080,中药ETF,0.974,1.015,0.97,1.008,172026900.0,170607678.075,,,
2026-07-16,560080,中药ETF,1.0,1.035,0.982,1.03,168253400.0,170230377.45000002,,,
2026-07-17,560080,中药ETF,1.02,1.035,0.994,0.996,154007000.0,155739578.75,,,
2026-07-20,560080,中药ETF,0.988,1.014,0.978,1.005,172361300.0,171714945.12499997,,,
2026-07-21,560080,中药ETF,0.993,1.015,0.989,1.002,96621900.0,96597744.525,,,
2026-07-22,560080,中药ETF,0.997,1.008,0.986,1.001,94193500.0,94005113.0,,,
2026-07-23,560080,中药ETF,0.991,1.002,0.985,0.993,62893000.0,62437025.74999999,,,
2026-07-24,560080,中药ETF,0.988,0.995,0.964,0.964,76712900.0,75006037.975,,,
2026-07-27,560080,中药ETF,0.963,0.994,0.963,0.994,115248400.0,112770559.39999999,,,
2026-07-28,560080,中药ETF,0.987,0.999,0.983,0.985,71389200.0,70568224.2,,,
2026-07-29,560080,中药ETF,0.984,1.003,0.984,0.998,61911500.0,61431685.875,,,
2026-07-30,560080,中药ETF,0.998,1.018,0.993,1.004,76170600.0,76418154.45,,,
2026-07-31,560080,中药ETF,0.986,1.013,0.985,1.013,62679600.0,62632590.29999999,,,
2026-08-03,560080,中药ETF,1.012,1.02,1.008,1.01,55943900.0,56643198.75000001,,,
2026-08-04,560080,中药ETF,1.013,1.017,1.005,1.007,84249100.0,85133715.55,,,
2026-08-05,560080,中药ETF,1.007,1.007,0.986,0.994,285118800.0,284691121.8,,,
2026-08-06,560080,中药ETF,0.993,0.995,0.978,0.987,107139000.0,105880116.75000001,,,
2026-08-07,560080,中药ETF,0.983,1.003,0.98,1.003,69552000.0,69012972.0,,,
2026-08-10,560080,中药ETF,1.002,1.019,1.001,1.006,121670200.0,122521891.40000002,,,
2026-08-11,560080,中药ETF,1.005,1.019,1.002,1.003,81472500.0,82063175.625,,,
