overlay,family,threshold,recovery_change,exit_key,max_hold,greed_threshold,meaningful_worst_year,signals,closed,open,wins,win_rate,avg_return,median_return,realized_pnl_per_100,unrealized_pnl_per_100,mark_to_market_pnl_per_100,covered_years,worst_year_win_rate,year_win_rate_std,selection_score
enhanced_ge_40,enhanced,40.0,,hold_90_greed_70,90,70.0,0.6239316239316239,194,194,0,139,0.7164948453608248,0.05583135555809352,0.038659793814433074,1083.1282978270144,0.0,1083.1282978270144,3,0.0,0.37365529619479654,0.5359025814640956
enhanced_ge_40,enhanced,40.0,,hold_120_greed_70,120,70.0,0.6239316239316239,194,194,0,139,0.7164948453608248,0.055394921913693426,0.038659793814433074,1074.6614851256525,0.0,1074.6614851256525,3,0.0,0.37365529619479654,0.5357934730529955
core_ge_55,core,55.0,,hold_120_greed_70,120,70.0,0.5540540540540541,144,144,0,105,0.7291666666666666,0.053973146975834746,0.03868218758652142,777.2133164520203,0.0,777.2133164520203,3,0.0,0.39162989708326834,0.5258543364187387
core_ge_55,core,55.0,,hold_90_greed_70,90,70.0,0.5540540540540541,144,144,0,105,0.7291666666666666,0.05379029122082449,0.03868218758652142,774.5801935798727,0.0,774.5801935798727,3,0.0,0.39162989708326834,0.525808622479986
enhanced_ge_40,enhanced,40.0,,hold_60_greed_70,60,70.0,0.5982905982905983,194,194,0,136,0.7010309278350515,0.056712435498241655,0.03404561456509414,1100.221248665888,0.0,1100.221248665888,3,0.0,0.3711280860699912,0.5247469156500766
core_ge_55,core,55.0,,hold_60_greed_70,60,70.0,0.5405405405405406,144,144,0,104,0.7222222222222222,0.055959913328208856,0.03404561456509414,805.8227519262075,0.0,805.8227519262075,3,0.0,0.391095187411947,0.5208945555312887
core_ge_50,core,50.0,,hold_120_greed_70,120,70.0,0.5978260869565217,180,180,0,125,0.6944444444444444,0.046412014625882944,0.03291595656862878,835.416263265893,0.0,835.416263265893,3,0.0,0.3474572256834466,0.5207025608674954
core_ge_50,core,50.0,,hold_90_greed_70,90,70.0,0.5978260869565217,180,180,0,125,0.6944444444444444,0.04626573002187474,0.03291595656862878,832.7831403937454,0.0,832.7831403937454,3,0.0,0.3474572256834466,0.5206659897164935
core_ge_60,core,60.0,,hold_120_greed_70,120,70.0,0.5689655172413793,113,113,0,85,0.7522123893805309,0.06040642618891225,0.042241379310344884,682.5926159347085,0.0,682.5926159347085,3,0.0,0.4095407299153993,0.5191227037638019
core_ge_60,core,60.0,,hold_90_greed_70,90,70.0,0.5689655172413793,113,113,0,85,0.7522123893805309,0.060063814393222344,0.042241379310344884,678.7211026434126,0.0,678.7211026434126,3,0.0,0.4095407299153993,0.5190370508148794
enhanced_ge_40,enhanced,40.0,,hold_40_greed_70,40,70.0,0.5811965811965812,194,194,0,134,0.6907216494845361,0.046497998340155174,0.031941598769073876,902.0611677990104,0.0,902.0611677990104,3,0.0,0.3696533194021345,0.5145925459546233
core_ge_60,core,60.0,,hold_60_greed_70,60,70.0,0.5517241379310345,113,113,0,84,0.7433628318584071,0.06235914108663259,0.04063860667634267,704.6582942789482,0.0,704.6582942789482,3,0.0,0.40897579022200453,0.5126450920060899
core_ge_45,core,45.0,,hold_120_greed_70,120,70.0,0.6018518518518519,207,207,0,140,0.6763285024154589,0.0429687105836429,0.02870442203258361,889.452309081408,0.0,889.452309081408,3,0.0,0.3341258760867241,0.51245413654448
core_ge_45,core,45.0,,hold_90_greed_70,90,70.0,0.6018518518518519,207,207,0,140,0.6763285024154589,0.0428415065801575,0.02870442203258361,886.8191862092604,0.0,886.8191862092604,3,0.0,0.3341258760867241,0.5124223355436087
core_ge_55,core,55.0,,hold_40_greed_70,40,70.0,0.5135135135135135,144,144,0,102,0.7083333333333334,0.04911011244946527,0.033463591236206125,707.1856192722998,0.0,707.1856192722998,3,0.0,0.39033558766967225,0.5082443747924862
core_ge_40,core,40.0,,hold_120_greed_70,120,70.0,0.6101694915254238,229,229,0,152,0.6637554585152838,0.04217282455630517,0.027283511269276417,965.7576823393886,0.0,965.7576823393886,3,0.0,0.3228437022088387,0.5081188629488247
core_ge_50,core,50.0,,hold_60_greed_70,60,70.0,0.5652173913043478,180,180,0,122,0.6777777777777778,0.04779417089708949,0.030330199571731664,860.2950761476109,0.0,860.2950761476109,3,0.0,0.34389864323804725,0.5081081488497697
core_ge_40,core,40.0,,hold_90_greed_70,90,70.0,0.6101694915254238,229,229,0,152,0.6637554585152838,0.04208701078966551,0.027283511269276417,963.7925470833402,0.0,963.7925470833402,3,0.0,0.3228437022088387,0.5080974095071648
baseline,baseline,0.0,,hold_90_greed_70,90,70.0,0.647887323943662,287,287,0,186,0.6480836236933798,0.04062812233503939,0.02494154325798914,1166.0271110156305,0.0,1166.0271110156305,3,0.0,0.3099381824895682,0.5065868864228336
baseline,baseline,0.0,,hold_120_greed_70,120,70.0,0.647887323943662,287,287,0,186,0.6480836236933798,0.040300804587010026,0.02494154325798914,1156.6330916471877,0.0,1156.6330916471877,3,0.0,0.3099381824895682,0.5065050569858263
enhanced_ge_40,enhanced,40.0,,hold_90_greed_80,90,80.0,0.6486486486486487,194,194,0,124,0.6391752577319587,0.05512654780751512,0.03796676141869615,1069.4550274657934,0.0,1069.4550274657934,3,0.0,0.3059939269993329,0.5061870489552088
core_ge_45,core,45.0,,hold_60_greed_70,60,70.0,0.5740740740740741,207,207,0,137,0.6618357487922706,0.04391577564361511,0.02734375,909.0565558228327,0.0,909.0565558228327,3,0.0,0.3304600277235206,0.5015711272002684
baseline,baseline,0.0,,hold_60_greed_70,60,70.0,0.6267605633802817,287,287,0,183,0.6376306620209059,0.04077981293565158,0.024691358024691468,1170.3806312532004,0.0,1170.3806312532004,3,0.0,0.3052987144371369,0.49860047159643717
core_ge_40,core,40.0,,hold_60_greed_70,60,70.0,0.5847457627118644,229,229,0,149,0.6506550218340611,0.04272218051246761,0.026315789473684292,978.3379337355083,0.0,978.3379337355083,3,0.0,0.31884494405986585,0.4982123249271378
core_ge_50,core,50.0,,hold_40_greed_70,40,70.0,0.5434782608695652,180,180,0,120,0.6666666666666666,0.04237667234297319,0.026075827867541257,762.7801021735174,0.0,762.7801021735174,3,0.0,0.34188983917777155,0.4980980534152896
core_ge_60,core,60.0,,hold_40_greed_70,40,70.0,0.5172413793103449,113,113,0,82,0.7256637168141593,0.05505446757951663,0.03706896551724159,622.1154836485379,0.0,622.1154836485379,3,0.0,0.40832918777773813,0.49684868050962483
core_ge_45,core,45.0,,hold_40_greed_70,40,70.0,0.5555555555555556,207,207,0,135,0.6521739130434783,0.0382087274320619,0.02574102964118552,790.9206578436813,0.0,790.9206578436813,3,0.0,0.32828367138154707,0.49270977800256416
baseline,baseline,0.0,,hold_40_greed_70,40,70.0,0.6126760563380281,287,287,0,181,0.6306620209059234,0.034285846797335845,0.021205357142857206,984.0038030835387,0.0,984.0038030835387,3,0.0,0.30234847085551647,0.49161600293455854
enhanced_ge_45,enhanced,45.0,,hold_90_greed_80,90,80.0,0.6170212765957447,149,149,0,92,0.6174496644295302,0.05349955780250768,0.03125,797.1434112573644,0.0,797.1434112573644,3,0.0,0.2955311715725101,0.4903437527622863
core_ge_40,core,40.0,,hold_40_greed_70,40,70.0,0.5677966101694916,229,229,0,147,0.6419213973799127,0.03624662470400286,0.024691358024691468,830.0477057216656,0.0,830.0477057216656,3,0.0,0.3164033129149764,0.4898795813581827
core_ge_55,core,55.0,,hold_90_greed_80,90,80.0,0.5945945945945946,144,144,0,89,0.6180555555555556,0.04270036424633637,0.03098516949152541,614.8852451472438,0.0,614.8852451472438,3,0.0,0.30010770249654223,0.4808834418288277
enhanced_ge_40,enhanced,40.0,,hold_120_greed_80,120,80.0,0.5897435897435898,194,194,0,117,0.6030927835051546,0.05440532043994903,0.03965785381026432,1055.4632165350113,0.0,1055.4632165350113,3,0.0,0.2928807829138338,0.4801787976909963
core_ge_60,core,60.0,,hold_90_greed_80,90,80.0,0.6379310344827587,113,113,0,72,0.6371681415929203,0.04780170774820542,0.03072033898305082,540.1592975547213,0.0,540.1592975547213,3,0.0,0.30934047811792076,0.476810247989825
enhanced_ge_40,enhanced,40.0,,hold_40_greed_80,40,80.0,0.581081081081081,194,194,0,118,0.6082474226804123,0.031236773488187954,0.01990017184034798,605.9934056708463,0.0,605.9934056708463,3,0.0,0.28909099788237363,0.4759677870438254
core_ge_50,core,50.0,,hold_90_greed_80,90,80.0,0.5882352941176471,180,180,0,107,0.5944444444444444,0.04147220239845836,0.025121555915721183,746.4996431722506,0.0,746.4996431722506,3,0.0,0.28496849415313386,0.4730280874072332
enhanced_ge_45,enhanced,45.0,,hold_40_greed_80,40,80.0,0.574468085106383,149,149,0,89,0.5973154362416108,0.030328703476298284,0.017004048582995868,451.89768179684444,0.0,451.89768179684444,3,0.0,0.2838037530784535,0.4690391398428944
enhanced_ge_40,enhanced,40.0,,hold_20_greed_70,20,70.0,0.48717948717948717,194,194,0,123,0.634020618556701,0.025361710860743316,0.021756638621369118,492.01719069842034,0.0,492.01719069842034,3,0.0,0.36463179755276776,0.46725711626623795
enhanced_ge_40,enhanced,40.0,,hold_60_greed_80,60,80.0,0.5641025641025641,194,194,0,114,0.5876288659793815,0.04271899044161366,0.031049498079255056,828.748414567305,0.0,828.748414567305,3,0.0,0.28792452958542203,0.466075602848645
core_ge_40,core,40.0,,hold_90_greed_80,90,80.0,0.5555555555555556,229,229,0,135,0.5895196506550219,0.042235991605864755,0.023657870791628843,967.2042077743029,0.0,967.2042077743029,3,0.0,0.28265148246038996,0.4660400379654792
core_ge_45,core,45.0,,hold_90_greed_80,90,80.0,0.5625,207,207,0,121,0.5845410628019324,0.04089626679172865,0.02365501360686606,846.5527225887831,0.0,846.5527225887831,3,0.0,0.27980442101984865,0.46448524441731054
core_ge_55,core,55.0,,hold_20_greed_70,20,70.0,0.4189189189189189,144,144,0,95,0.6597222222222222,0.028101420753794477,0.02362095117408758,404.66045885464047,0.0,404.66045885464047,3,0.0,0.39094880804575366,0.46444839949373723
core_ge_50,core,50.0,,hold_20_greed_70,20,70.0,0.4673913043478261,180,180,0,113,0.6277777777777778,0.024363032981469995,0.018175417057846532,438.53459366645995,0.0,438.53459366645995,3,0.0,0.3372255550775016,0.4631102983802302
baseline,baseline,0.0,,hold_90_greed_80,90,80.0,0.524822695035461,287,287,0,169,0.5888501742160279,0.04176388173702537,0.02365501360686606,1198.6234058526281,0.0,1198.6234058526281,3,0.0,0.2874813739455955,0.4605909518819418
core_ge_55,core,55.0,,hold_40_greed_80,40,80.0,0.5945945945945946,144,144,0,84,0.5833333333333334,0.02477051678346808,0.016325385694249683,356.6954416819404,0.0,356.6954416819404,3,0.0,0.28086679544274223,0.46057914141630346
enhanced_ge_45,enhanced,45.0,,hold_120_greed_80,120,80.0,0.5656565656565656,149,149,0,85,0.5704697986577181,0.053072704092210016,0.03777777777777791,790.7832909739293,0.0,790.7832909739293,3,0.0,0.2795474397370961,0.46032109835476204
recovery_peak_55_change_le_0p0,recovery,55.0,0.0,hold_90_greed_80,90,80.0,0.6666666666666666,75,75,0,47,0.6266666666666667,0.07332260013656548,0.03181336161187698,549.9195010242412,0.0,549.9195010242412,3,0.0,0.2832788618662658,0.4590016744181734
core_ge_40,core,40.0,,hold_20_greed_70,20,70.0,0.5,229,229,0,138,0.6026200873362445,0.01986516063337533,0.012003693444136765,454.9121785042951,0.0,454.9121785042951,3,0.0,0.30525924028587836,0.4568555946035958
core_ge_45,core,45.0,,hold_20_greed_70,20,70.0,0.48148148148148145,207,207,0,126,0.6086956521739131,0.02123547222526972,0.013913043478260834,439.57427506308323,0.0,439.57427506308323,3,0.0,0.31793307104159796,0.45644427068216836
enhanced_ge_45,enhanced,45.0,,hold_40_greed_off,40,,0.5319148936170213,149,149,0,87,0.5838926174496645,0.029190573317393123,0.016521739130434865,434.93954242915754,0.0,434.93954242915754,3,0.0,0.2756890006592242,0.45630939937732906
recovery_peak_55_change_le_0p0,recovery,55.0,0.0,hold_90_greed_70,90,70.0,0.6666666666666666,75,75,0,47,0.6266666666666667,0.051175573581746375,0.03283898305084754,383.8168018630978,0.0,383.8168018630978,3,0.0,0.2832788618662658,0.4534649177794686
recovery_peak_55_change_le_0p0,recovery,55.0,0.0,hold_120_greed_70,120,70.0,0.6666666666666666,75,75,0,47,0.6266666666666667,0.050037339488624454,0.03283898305084754,375.2800461646834,0.0,375.2800461646834,3,0.0,0.2832788618662658,0.45318035925618816
enhanced_ge_40,enhanced,40.0,,hold_40_greed_off,40,,0.5135135135135135,194,194,0,113,0.5824742268041238,0.028007515267897323,0.01687723367173244,543.3457961972081,0.0,543.3457961972081,3,0.0,0.2770618349907545,0.4531010724468029
recovery_peak_55_change_le_2p5,recovery,55.0,2.5,hold_90_greed_70,90,70.0,0.6493506493506493,86,86,0,53,0.6162790697674418,0.04563714891309128,0.026799650371480355,392.479480652585,0.0,392.479480652585,3,0.0,0.2776812485714052,0.4520702529622121
recovery_peak_55_change_le_2p5,recovery,55.0,2.5,hold_120_greed_70,120,70.0,0.6493506493506493,86,86,0,53,0.6162790697674418,0.044644502901647745,0.026799650371480355,383.9427249541706,0.0,383.9427249541706,3,0.0,0.2776812485714052,0.4518220914593512
core_ge_40,core,40.0,,hold_120_greed_80,120,80.0,0.5555555555555556,229,229,0,128,0.5589519650655022,0.03925454571504147,0.03072033898305082,898.9290968744497,0.0,898.9290968744497,3,0.0,0.2669081392109272,0.45127030115797057
baseline,baseline,0.0,,hold_20_greed_70,20,70.0,0.5211267605633803,287,287,0,167,0.5818815331010453,0.017040336642808906,0.010551948051948257,489.05766164861564,0.0,489.05766164861564,3,0.0,0.28397561461096055,0.45065181562685513
core_ge_60,core,60.0,,hold_40_greed_80,40,80.0,0.603448275862069,113,113,0,68,0.6017699115044248,0.028377950454435502,0.016521739130434865,320.6708401351212,0.0,320.6708401351212,3,0.0,0.292091670675012,0.45046268442446397
recovery_peak_55_change_le_2p5,recovery,55.0,2.5,hold_90_greed_80,90,80.0,0.6363636363636364,86,86,0,52,0.6046511627906976,0.06740315159892885,0.02718767629495844,579.667103750788,0.0,579.667103750788,3,0.0,0.27356772856466344,0.45007882979778674
baseline,baseline,0.0,,hold_120_greed_80,120,80.0,0.524822695035461,287,287,0,162,0.5644599303135889,0.041271447949814216,0.03181336161187698,1184.490556159668,0.0,1184.490556159668,3,0.0,0.27253844224495066,0.44946815601997114
baseline,baseline,0.0,,hold_40_greed_80,40,80.0,0.49645390070921985,287,287,0,166,0.578397212543554,0.02723858617431457,0.016260162601626105,781.747423202828,0.0,781.747423202828,3,0.0,0.2859245594380069,0.44760237316669804
core_ge_50,core,50.0,,hold_40_greed_80,40,80.0,0.5294117647058824,180,180,0,102,0.5666666666666667,0.02311431002146883,0.015021037868162668,416.0575803864389,0.0,416.0575803864389,3,0.0,0.2733059986822327,0.4466591956500042
baseline,baseline,0.0,,hold_60_greed_80,60,80.0,0.524822695035461,287,287,0,159,0.554006968641115,0.04448997808213132,0.01807228915662651,1276.862370957169,0.0,1276.862370957169,3,0.0,0.26649839440239276,0.44552951154421805
core_ge_40,core,40.0,,hold_40_greed_80,40,80.0,0.5185185185185185,229,229,0,130,0.5676855895196506,0.022905004691993858,0.016129032258064502,524.5246074466594,0.0,524.5246074466594,3,0.0,0.27364478902673767,0.44545524058846253
enhanced_ge_40,enhanced,40.0,,hold_20_greed_80,20,80.0,0.49572649572649574,194,194,0,112,0.5773195876288659,0.01870326354060579,0.012049137701155899,362.84331268775236,0.0,362.84331268775236,3,0.0,0.30423086090457835,0.4433561151861925
enhanced_ge_40,enhanced,40.0,,hold_20_greed_off,20,,0.49572649572649574,194,194,0,112,0.5773195876288659,0.018344310666214086,0.009305955650834141,355.87962692455324,0.0,355.87962692455324,3,0.0,0.30423086090457835,0.4432663769675946
enhanced_ge_45,enhanced,45.0,,hold_60_greed_80,60,80.0,0.5353535353535354,149,149,0,82,0.5503355704697986,0.0401693218139252,0.022241231822070162,598.5228950274854,0.0,598.5228950274854,3,0.0,0.27365596478201437,0.4429540021421831
core_ge_40,core,40.0,,hold_60_greed_80,60,80.0,0.5508474576271186,229,229,0,125,0.5458515283842795,0.03153047737656985,0.016064257028112205,722.0479319234496,0.0,722.0479319234496,3,0.0,0.260788774270376,0.4425724002387199
core_ge_55,core,55.0,,hold_20_greed_60,20,60.0,0.44594594594594594,144,144,0,87,0.6041666666666666,0.012024999788515707,0.011287770326275481,173.1599969546262,0.0,173.1599969546262,3,0.0,0.3296585936256397,0.44160878768230294
core_ge_60,core,60.0,,hold_20_greed_70,20,70.0,0.39655172413793105,113,113,0,75,0.6637168141592921,0.03086856634967055,0.02892561983471076,348.8147997512772,0.0,348.8147997512772,3,0.0,0.41115056603494077,0.44149959533829136
core_ge_60,core,60.0,,hold_40_greed_off,40,,0.5961538461538461,113,113,0,66,0.584070796460177,0.026877230156410106,0.013913043478260834,303.71270076743417,0.0,303.71270076743417,3,0.0,0.2827646132641258,0.4408899469644713
core_ge_55,core,55.0,,hold_60_greed_80,60,80.0,0.5,144,144,0,82,0.5694444444444444,0.0270283874278551,0.02120126107232534,389.2087789611134,0.0,389.2087789611134,3,0.0,0.2849100442656113,0.43968651553793714
core_ge_45,core,45.0,,hold_120_greed_80,120,80.0,0.5370370370370371,207,207,0,112,0.5410628019323671,0.0337864688694652,0.025121555915721183,699.3799055979297,0.0,699.3799055979297,3,0.0,0.2593717605703728,0.4387838328934756
core_ge_55,core,55.0,,hold_40_greed_off,40,,0.5373134328358209,144,144,0,80,0.5555555555555556,0.02157913739998025,0.011223403144640876,310.7395785597156,0.0,310.7395785597156,3,0.0,0.2678161866569763,0.4383442821205879
core_ge_45,core,45.0,,hold_40_greed_80,40,80.0,0.5104166666666666,207,207,0,115,0.5555555555555556,0.02160303556473184,0.013913043478260834,447.1828361899491,0.0,447.1828361899491,3,0.0,0.2675239002566029,0.4383391246484325
recovery_peak_55_change_le_2p5,recovery,55.0,2.5,hold_60_greed_70,60,70.0,0.6233766233766234,86,86,0,51,0.5930232558139535,0.04438039279306199,0.025765963901107303,381.6713780203331,0.0,381.6713780203331,3,0.0,0.26953049832960724,0.4368841130787005
enhanced_ge_40,enhanced,40.0,,hold_60_greed_60,60,60.0,0.4700854700854701,194,194,0,111,0.5721649484536082,0.020513979795370712,0.010934391137785493,397.9712080301918,0.0,397.9712080301918,3,0.0,0.31195469127641196,0.4367674143863543
enhanced_ge_40,enhanced,40.0,,hold_90_greed_60,90,60.0,0.4700854700854701,194,194,0,111,0.5721649484536082,0.020513979795370712,0.010934391137785493,397.9712080301918,0.0,397.9712080301918,3,0.0,0.31195469127641196,0.4367674143863543
enhanced_ge_40,enhanced,40.0,,hold_120_greed_60,120,60.0,0.4700854700854701,194,194,0,111,0.5721649484536082,0.020513979795370712,0.010934391137785493,397.9712080301918,0.0,397.9712080301918,3,0.0,0.31195469127641196,0.4367674143863543
core_ge_50,core,50.0,,hold_60_greed_80,60,80.0,0.5217391304347826,180,180,0,98,0.5444444444444444,0.027987079829787816,0.017068273092369357,503.7674369361807,0.0,503.7674369361807,3,0.0,0.2630281398670019,0.4364376105555264
core_ge_55,core,55.0,,hold_120_greed_80,120,80.0,0.4864864864864865,144,144,0,81,0.5625,0.03481287819365885,0.027920947449386002,501.3054459886875,0.0,501.3054459886875,3,0.0,0.2832459245206214,0.43626651855973797
recovery_peak_55_change_le_0p0,recovery,55.0,0.0,hold_60_greed_70,60,70.0,0.6363636363636364,75,75,0,45,0.6,0.04964949109309837,0.026315789473684292,372.37118319823776,0.0,372.37118319823776,3,0.0,0.27356772856466344,0.43598149994264696
baseline,baseline,0.0,,hold_20_greed_80,20,80.0,0.5422535211267606,287,287,0,156,0.5435540069686411,0.0145372651032183,0.006039689387402847,417.21950846236524,0.0,417.21950846236524,3,0.0,0.2599747378892171,0.43595136889800185
enhanced_ge_40,enhanced,40.0,,hold_40_greed_60,40,60.0,0.4700854700854701,194,194,0,111,0.5721649484536082,0.017161784886649843,0.010934391137785493,332.938626801007,0.0,332.938626801007,3,0.0,0.31195469127641196,0.4359293656591741
core_ge_40,core,40.0,,hold_20_greed_60,20,60.0,0.4830508474576271,229,229,0,130,0.5676855895196506,0.007891468685569338,0.004357298474945592,180.71463289953783,0.0,180.71463289953783,3,0.0,0.2842953813011516,0.43552965854576964
enhanced_ge_40,enhanced,40.0,,hold_20_greed_60,20,60.0,0.4700854700854701,194,194,0,111,0.5721649484536082,0.010964131600645214,0.004689717663894477,212.70415305251714,0.0,212.70415305251714,3,0.0,0.31195469127641196,0.43437995233767296
recovery_peak_55_change_le_2p5,recovery,55.0,2.5,hold_40_greed_80,40,80.0,0.6233766233766234,86,86,0,51,0.5930232558139535,0.03242432461634536,0.021577020767966637,278.84919170057015,0.0,278.84919170057015,3,0.0,0.26953049832960724,0.43389509603452137
core_ge_40,core,40.0,,hold_20_greed_80,20,80.0,0.5084745762711864,229,229,0,126,0.5502183406113537,0.014666877426923993,0.006688963210702337,335.87149307655943,0.0,335.87149307655943,3,0.0,0.26719477771043654,0.43367149388625087
core_ge_50,core,50.0,,hold_20_greed_off,20,,0.4782608695652174,180,180,0,101,0.5611111111111111,0.015431161617163087,0.006364326299052592,277.76090910893555,0.0,277.76090910893555,3,0.0,0.2819400756426354,0.43359727034321816
core_ge_45,core,45.0,,hold_60_greed_80,60,80.0,0.5277777777777778,207,207,0,111,0.5362318840579711,0.027202333530662082,0.016064257028112205,563.0883040847051,0.0,563.0883040847051,3,0.0,0.2573716002273105,0.4334934640601329
core_ge_50,core,50.0,,hold_120_greed_80,120,80.0,0.5108695652173914,180,180,0,97,0.5388888888888889,0.033061958067401934,0.02360178742158303,595.1152452132349,0.0,595.1152452132349,3,0.0,0.26097976292752173,0.43346198770970185
baseline,baseline,0.0,,hold_90_greed_60,90,60.0,0.5,287,287,0,158,0.5505226480836237,0.014904470890400208,0.004680187207488196,427.758314554486,0.0,427.758314554486,3,0.0,0.2675836805661487,0.43258074731912005
baseline,baseline,0.0,,hold_120_greed_60,120,60.0,0.5,287,287,0,158,0.5505226480836237,0.014904470890400208,0.004680187207488196,427.758314554486,0.0,427.758314554486,3,0.0,0.2675836805661487,0.43258074731912005
baseline,baseline,0.0,,hold_60_greed_60,60,60.0,0.5,287,287,0,158,0.5505226480836237,0.014637307259830715,0.004680187207488196,420.0907183571415,0.0,420.0907183571415,3,0.0,0.2675836805661487,0.43251395641147766
recovery_peak_55_change_le_0p0,recovery,55.0,0.0,hold_40_greed_80,40,80.0,0.6363636363636364,75,75,0,45,0.6,0.034285614087059386,0.016521739130434865,257.1421056529454,0.0,257.1421056529454,3,0.0,0.27356772856466344,0.43214053069113717
baseline,baseline,0.0,,hold_40_greed_60,40,60.0,0.5,287,287,0,158,0.5505226480836237,0.011805707650874589,0.004680187207488196,338.8238095801007,0.0,338.8238095801007,3,0.0,0.2675836805661487,0.4318060565092386
core_ge_60,core,60.0,,hold_60_greed_80,60,80.0,0.5344827586206896,113,113,0,66,0.584070796460177,0.02879251230858474,0.022336769759450092,325.35538908700755,0.0,325.35538908700755,3,0.0,0.2901939401432547,0.4315237582222111
core_ge_55,core,55.0,,hold_60_greed_60,60,60.0,0.4189189189189189,144,144,0,85,0.5902777777777778,0.015027448312269185,0.012690099072379724,216.39525569667626,0.0,216.39525569667626,3,0.0,0.329121658867283,0.4314038560954113
core_ge_55,core,55.0,,hold_90_greed_60,90,60.0,0.4189189189189189,144,144,0,85,0.5902777777777778,0.015027448312269185,0.012690099072379724,216.39525569667626,0.0,216.39525569667626,3,0.0,0.329121658867283,0.4314038560954113
core_ge_55,core,55.0,,hold_120_greed_60,120,60.0,0.4189189189189189,144,144,0,85,0.5902777777777778,0.015027448312269185,0.012690099072379724,216.39525569667626,0.0,216.39525569667626,3,0.0,0.329121658867283,0.4314038560954113
core_ge_55,core,55.0,,hold_40_greed_60,40,60.0,0.4189189189189189,144,144,0,85,0.5902777777777778,0.014025962953096022,0.012690099072379724,201.97386652458272,0.0,201.97386652458272,3,0.0,0.329121658867283,0.4311534847556181
core_ge_50,core,50.0,,hold_20_greed_80,20,80.0,0.4782608695652174,180,180,0,100,0.5555555555555556,0.015343027635087452,0.006364326299052592,276.17449743157414,0.0,276.17449743157414,3,0.0,0.27796578054675725,0.43111540267759163
core_ge_50,core,50.0,,hold_20_greed_60,20,60.0,0.45652173913043476,180,180,0,102,0.5666666666666667,0.009915378077106986,0.004676542201874967,178.47680538792576,0.0,178.47680538792576,3,0.0,0.29228272275933986,0.43090782090142815
core_ge_45,core,45.0,,hold_20_greed_80,20,80.0,0.49074074074074076,207,207,0,113,0.5458937198067633,0.014507199170130033,0.006039689387402847,300.2990228216917,0.0,300.2990228216917,3,0.0,0.2686337910654197,0.4286940675217917
recovery_peak_55_change_le_0p0,recovery,55.0,0.0,hold_120_greed_80,120,80.0,0.6060606060606061,75,75,0,43,0.5733333333333334,0.08521092296414451,0.05432098765432092,639.0819222310838,0.0,639.0819222310838,3,0.0,0.26427223135254807,0.42773670980858985
core_ge_40,core,40.0,,hold_20_greed_off,20,,0.5084745762711864,229,229,0,123,0.537117903930131,0.012421061181733537,0.0038971161340608518,284.442301061698,0.0,284.442301061698,3,0.0,0.25914989356244306,0.42720341221618136
core_ge_45,core,45.0,,hold_20_greed_60,20,60.0,0.46296296296296297,207,207,0,115,0.5555555555555556,0.007866867613243398,0.0031250000000000444,162.84415959413835,0.0,162.84415959413835,3,0.0,0.2825723267021439,0.4265831529893615
core_ge_40,core,40.0,,hold_60_greed_60,60,60.0,0.4576271186440678,229,229,0,127,0.5545851528384279,0.011487391769222999,0.004672897196261738,263.06127151520667,0.0,263.06127151520667,3,0.0,0.2816524269217043,0.42627629800439354
core_ge_40,core,40.0,,hold_90_greed_60,90,60.0,0.4576271186440678,229,229,0,127,0.5545851528384279,0.011487391769222999,0.004672897196261738,263.06127151520667,0.0,263.06127151520667,3,0.0,0.2816524269217043,0.42627629800439354
core_ge_40,core,40.0,,hold_120_greed_60,120,60.0,0.4576271186440678,229,229,0,127,0.5545851528384279,0.011487391769222999,0.004672897196261738,263.06127151520667,0.0,263.06127151520667,3,0.0,0.2816524269217043,0.42627629800439354
core_ge_45,core,45.0,,hold_20_greed_off,20,,0.49074074074074076,207,207,0,112,0.5410628019323671,0.013295673914993414,0.00390625,275.2204500403637,0.0,275.2204500403637,3,0.0,0.26538779507521043,0.42623540695002626
core_ge_40,core,40.0,,hold_40_greed_60,40,60.0,0.4576271186440678,229,229,0,127,0.5545851528384279,0.009929309286144569,0.004672897196261738,227.3811826527106,0.0,227.3811826527106,3,0.0,0.2816524269217043,0.42588677738362385
recovery_peak_55_change_le_2p5,recovery,55.0,2.5,hold_40_greed_70,40,70.0,0.6103896103896104,86,86,0,50,0.5813953488372093,0.027548226184793065,0.012456844923553811,236.91474518922035,0.0,236.91474518922035,3,0.0,0.26557303715081015,0.425230662884513
baseline,baseline,0.0,,hold_20_greed_60,20,60.0,0.4859154929577465,287,287,0,156,0.5435540069686411,0.005966462972537355,0.0031250000000000444,171.2374873118221,0.0,171.2374873118221,3,0.0,0.26541745914513737,0.42492254643950583
core_ge_55,core,55.0,,hold_20_greed_80,20,80.0,0.4189189189189189,144,144,0,82,0.5694444444444444,0.016994703751231247,0.007663981212694515,244.72373401772995,0.0,244.72373401772995,3,0.0,0.31128080628840027,0.4229062714947958
core_ge_50,core,50.0,,hold_60_greed_60,60,60.0,0.43478260869565216,180,180,0,100,0.5555555555555556,0.012465821590218732,0.004689717663894477,224.38478862393717,0.0,224.38478862393717,3,0.0,0.2907463354785705,0.4228519176413947
core_ge_50,core,50.0,,hold_90_greed_60,90,60.0,0.43478260869565216,180,180,0,100,0.5555555555555556,0.012465821590218732,0.004689717663894477,224.38478862393717,0.0,224.38478862393717,3,0.0,0.2907463354785705,0.4228519176413947
core_ge_50,core,50.0,,hold_120_greed_60,120,60.0,0.43478260869565216,180,180,0,100,0.5555555555555556,0.012465821590218732,0.004689717663894477,224.38478862393717,0.0,224.38478862393717,3,0.0,0.2907463354785705,0.4228519176413947
core_ge_55,core,55.0,,hold_20_greed_off,20,,0.4189189189189189,144,144,0,82,0.5694444444444444,0.016646316988574925,0.007095419339784748,239.7069646354789,0.0,239.7069646354789,3,0.0,0.31128080628840027,0.4228191748041317
core_ge_50,core,50.0,,hold_40_greed_60,40,60.0,0.43478260869565216,180,180,0,100,0.5555555555555556,0.011664633302880202,0.004689717663894477,209.96339945184363,0.0,209.96339945184363,3,0.0,0.2907463354785705,0.42265162056956
recovery_peak_55_change_le_0p0,recovery,55.0,0.0,hold_40_greed_70,40,70.0,0.6212121212121212,75,75,0,44,0.5866666666666667,0.030164459469978176,0.012865497076023358,226.2334460248363,0.0,226.2334460248363,3,0.0,0.26886528594355885,0.4225470435071613
core_ge_60,core,60.0,,hold_20_greed_60,20,60.0,0.43103448275862066,113,113,0,69,0.6106194690265486,0.015176370728955538,0.013043478260869712,171.49298923719758,0.0,171.49298923719758,3,0.0,0.34546122833645576,0.42145543467572316
enhanced_ge_45,enhanced,45.0,,hold_20_greed_60,20,60.0,0.46464646464646464,149,149,0,82,0.5503355704697986,0.008975908834869692,0.0031250000000000444,133.7410416395584,0.0,133.7410416395584,3,0.0,0.31506180264995054,0.42123712126192375
core_ge_45,core,45.0,,hold_60_greed_60,60,60.0,0.4444444444444444,207,207,0,113,0.5458937198067633,0.010362688356133272,0.003142183817753441,214.50764897195876,0.0,214.50764897195876,3,0.0,0.2808901638044399,0.4197329855547264
core_ge_45,core,45.0,,hold_90_greed_60,90,60.0,0.4444444444444444,207,207,0,113,0.5458937198067633,0.010362688356133272,0.003142183817753441,214.50764897195876,0.0,214.50764897195876,3,0.0,0.2808901638044399,0.4197329855547264
core_ge_45,core,45.0,,hold_120_greed_60,120,60.0,0.4444444444444444,207,207,0,113,0.5458937198067633,0.010362688356133272,0.003142183817753441,214.50764897195876,0.0,214.50764897195876,3,0.0,0.2808901638044399,0.4197329855547264
core_ge_45,core,45.0,,hold_40_greed_60,40,60.0,0.4444444444444444,207,207,0,113,0.5458937198067633,0.009666002888882377,0.003142183817753441,200.08625979986522,0.0,200.08625979986522,3,0.0,0.2808901638044399,0.41955881418791374
core_ge_50,core,50.0,,hold_40_greed_off,40,,0.4588235294117647,180,180,0,96,0.5333333333333333,0.017432951399078047,0.006517362742659238,313.79312518340487,0.0,313.79312518340487,3,0.0,0.2625130642246452,0.4188473887902292
recovery_peak_55_change_le_2p5,recovery,55.0,2.5,hold_120_greed_80,120,80.0,0.5714285714285714,86,86,0,47,0.5465116279069767,0.07126438911133863,0.03907410862290128,612.8737463575122,0.0,612.8737463575122,3,0.0,0.25421614885788835,0.41378223837031103
recovery_peak_55_change_le_2p5,recovery,55.0,2.5,hold_40_greed_off,40,,0.6233766233766234,86,86,0,48,0.5581395348837209,0.02936734103799216,0.011223403144640876,252.5591329267326,0.0,252.5591329267326,3,0.0,0.2938625584151886,0.41374242486797025
baseline,baseline,0.0,,hold_20_greed_off,20,,0.48936170212765956,287,287,0,146,0.5087108013937283,0.009795416801075976,0.00146520146520146,281.1284621908805,0.0,281.1284621908805,3,0.0,0.24411092678914187,0.41067963607315067
recovery_peak_55_change_le_0p0,recovery,55.0,0.0,hold_40_greed_off,40,,0.6363636363636364,75,75,0,42,0.56,0.03078027291721438,0.010398613518197486,230.85204687910786,0.0,230.85204687910786,3,0.0,0.2999846950488383,0.409150838079942
core_ge_60,core,60.0,,hold_60_greed_60,60,60.0,0.39655172413793105,113,113,0,67,0.5929203539823009,0.017451369748025847,0.013043478260869712,197.20047815269209,0.0,197.20047815269209,3,0.0,0.3456670956922645,0.40798574372679874
core_ge_60,core,60.0,,hold_90_greed_60,90,60.0,0.39655172413793105,113,113,0,67,0.5929203539823009,0.017451369748025847,0.013043478260869712,197.20047815269209,0.0,197.20047815269209,3,0.0,0.3456670956922645,0.40798574372679874
core_ge_60,core,60.0,,hold_120_greed_60,120,60.0,0.39655172413793105,113,113,0,67,0.5929203539823009,0.017451369748025847,0.013043478260869712,197.20047815269209,0.0,197.20047815269209,3,0.0,0.3456670956922645,0.40798574372679874
core_ge_60,core,60.0,,hold_40_greed_60,40,60.0,0.39655172413793105,113,113,0,67,0.5929203539823009,0.016175140617752083,0.013043478260869712,182.77908898059854,0.0,182.77908898059854,3,0.0,0.3456670956922645,0.4076666864442303
core_ge_60,core,60.0,,hold_20_greed_80,20,80.0,0.39655172413793105,113,113,0,66,0.584070796460177,0.017120999340965008,0.007826086956521872,193.46729255290458,0.0,193.46729255290458,3,0.0,0.33768403153158344,0.40411701749682605
core_ge_60,core,60.0,,hold_20_greed_off,20,,0.39655172413793105,113,113,0,66,0.584070796460177,0.016980321724792795,0.007826086956521872,191.87763549015858,0.0,191.87763549015858,3,0.0,0.33768403153158344,0.404081848092783
core_ge_45,core,45.0,,hold_40_greed_off,40,,0.4166666666666667,207,207,0,106,0.5120772946859904,0.013113981939878915,0.003129890453834161,271.45942615549353,0.0,271.45942615549353,3,0.0,0.2549240721840038,0.4014232170532446
core_ge_40,core,40.0,,hold_40_greed_off,40,,0.4074074074074074,229,229,0,118,0.5152838427947598,0.012534611658611411,0.003129890453834161,287.04260698220133,0.0,287.04260698220133,3,0.0,0.2598143817896612,0.401101534879971
recovery_peak_55_change_le_0p0,recovery,55.0,0.0,hold_60_greed_80,60,80.0,0.5757575757575758,75,75,0,41,0.5466666666666666,0.04549255126546849,0.03072033898305082,341.19413449101364,0.0,341.19413449101364,3,0.0,0.25543774982629885,0.40063508752723287
recovery_peak_55_change_le_2p5,recovery,55.0,2.5,hold_60_greed_80,60,80.0,0.5584415584415584,86,86,0,46,0.5348837209302325,0.03926300105286889,0.013690915718732155,337.66180905467246,0.0,337.66180905467246,3,0.0,0.25061532939452014,0.398307951476339
baseline,baseline,0.0,,hold_40_greed_off,40,,0.3546099290780142,287,287,0,146,0.5087108013937283,0.011166290858956122,0.0027002700270029045,320.4725476520407,0.0,320.4725476520407,3,0.0,0.27610951285791624,0.38824970174467205
recovery_peak_55_change_le_2p5,recovery,55.0,2.5,hold_60_greed_off,60,,0.5584415584415584,86,86,0,43,0.5,0.0334730440081056,-0.005719553991425652,287.86817846970814,0.0,287.86817846970814,3,0.0,0.2632518752469397,0.37840767808183834
recovery_peak_55_change_le_0p0,recovery,55.0,0.0,hold_60_greed_off,60,,0.5757575757575758,75,75,0,38,0.5066666666666667,0.03885340052080658,0.0038699690402475007,291.4005039060493,0.0,291.4005039060493,3,0.0,0.2714147240918061,0.37769714189982684
recovery_peak_55_change_le_2p5,recovery,55.0,2.5,hold_20_greed_60,20,60.0,0.5324675324675324,86,86,0,44,0.5116279069767442,0.0005662110475429837,0.0011438389788904768,4.86941500886966,0.0,4.86941500886966,3,0.0,0.24371563889924233,0.3736617183417817
recovery_peak_55_change_le_0p0,recovery,55.0,0.0,hold_20_greed_60,20,60.0,0.5454545454545454,75,75,0,39,0.52,0.0037241109312793844,0.0014285714285713347,27.930831984595383,0.0,27.930831984595383,3,0.0,0.2471137337924256,0.37298011084760757
enhanced_ge_40,enhanced,40.0,,hold_60_greed_off,60,,0.33783783783783783,194,194,0,91,0.4690721649484536,0.02300549782614023,-0.01250885767993154,446.3066578271205,0.0,446.3066578271205,3,0.0,0.2317905745024744,0.3724198866462396
recovery_peak_55_change_le_2p5,recovery,55.0,2.5,hold_20_greed_80,20,80.0,0.5194805194805194,86,86,0,43,0.5,0.006321183603661799,0.0007142857142856673,54.362178991491476,0.0,54.362178991491476,3,0.0,0.24042543329111446,0.36760167249303755
recovery_peak_55_change_le_2p5,recovery,55.0,2.5,hold_20_greed_off,20,,0.5194805194805194,86,86,0,43,0.5,0.005803409230660062,0.0007142857142856673,49.90931938367653,0.0,49.90931938367653,3,0.0,0.24042543329111446,0.3674722288997871
recovery_peak_55_change_le_2p5,recovery,55.0,2.5,hold_20_greed_70,20,70.0,0.5194805194805194,86,86,0,43,0.5,0.003579714055893884,0.0007142857142856673,30.7855408806874,0.0,30.7855408806874,3,0.0,0.24042543329111446,0.3669163051060956
recovery_peak_55_change_le_0p0,recovery,55.0,0.0,hold_20_greed_80,20,80.0,0.5303030303030303,75,75,0,38,0.5066666666666667,0.009006621825290403,0.0014285714285713347,67.54966368967801,0.0,67.54966368967801,3,0.0,0.24315965893354993,0.3656776706204265
recovery_peak_55_change_le_0p0,recovery,55.0,0.0,hold_20_greed_off,20,,0.5303030303030303,75,75,0,38,0.5066666666666667,0.008412907210915078,0.0014285714285713347,63.09680408186308,0.0,63.09680408186308,3,0.0,0.24315965893354993,0.3655292419668327
recovery_peak_55_change_le_0p0,recovery,55.0,0.0,hold_20_greed_70,20,70.0,0.5303030303030303,75,75,0,38,0.5066666666666667,0.006869443753259058,0.0014285714285713347,51.520828149442934,0.0,51.520828149442934,3,0.0,0.24315965893354993,0.36514337610241865
enhanced_ge_45,enhanced,45.0,,hold_60_greed_off,60,,0.3191489361702128,149,149,0,68,0.4563758389261745,0.023944661664220324,-0.012851405622489986,356.77545879688284,0.0,356.77545879688284,3,0.0,0.21989994694105994,0.36378776288272274
recovery_peak_55_change_le_2p5,recovery,55.0,2.5,hold_60_greed_60,60,60.0,0.4935064935064935,86,86,0,41,0.47674418604651164,0.011255907900838483,-0.0035312413175685453,96.80080794721096,0.0,96.80080794721096,3,0.0,0.23418673099322923,0.3538104388783145
recovery_peak_55_change_le_2p5,recovery,55.0,2.5,hold_90_greed_60,90,60.0,0.4935064935064935,86,86,0,41,0.47674418604651164,0.011255907900838483,-0.0035312413175685453,96.80080794721096,0.0,96.80080794721096,3,0.0,0.23418673099322923,0.3538104388783145
recovery_peak_55_change_le_2p5,recovery,55.0,2.5,hold_120_greed_60,120,60.0,0.4935064935064935,86,86,0,41,0.47674418604651164,0.011255907900838483,-0.0035312413175685453,96.80080794721096,0.0,96.80080794721096,3,0.0,0.23418673099322923,0.3538104388783145
recovery_peak_55_change_le_2p5,recovery,55.0,2.5,hold_40_greed_60,40,60.0,0.4935064935064935,86,86,0,41,0.47674418604651164,0.004880351609889308,-0.0035312413175685453,41.97102384504805,0.0,41.97102384504805,3,0.0,0.23418673099322923,0.3522165498055772
core_ge_55,core,55.0,,hold_60_greed_off,60,,0.373134328358209,144,144,0,62,0.4305555555555556,0.0045027267106405216,-0.019631823698540385,64.83926463322351,0.0,64.83926463322351,3,0.0,0.21221690309692698,0.3513962564614151
recovery_peak_55_change_le_0p0,recovery,55.0,0.0,hold_60_greed_60,60,60.0,0.5,75,75,0,36,0.48,0.0165810776427773,-0.002586206896551646,124.35808232082974,0.0,124.35808232082974,3,0.0,0.23570226039551584,0.35028908857905305
recovery_peak_55_change_le_0p0,recovery,55.0,0.0,hold_90_greed_60,90,60.0,0.5,75,75,0,36,0.48,0.0165810776427773,-0.002586206896551646,124.35808232082974,0.0,124.35808232082974,3,0.0,0.23570226039551584,0.35028908857905305
recovery_peak_55_change_le_0p0,recovery,55.0,0.0,hold_120_greed_60,120,60.0,0.5,75,75,0,36,0.48,0.0165810776427773,-0.002586206896551646,124.35808232082974,0.0,124.35808232082974,3,0.0,0.23570226039551584,0.35028908857905305
recovery_peak_55_change_le_0p0,recovery,55.0,0.0,hold_40_greed_60,40,60.0,0.5,75,75,0,36,0.48,0.009270439762488912,-0.002586206896551646,69.52829821866683,0.0,69.52829821866683,3,0.0,0.23570226039551584,0.3484614291089809
enhanced_ge_45,enhanced,45.0,,hold_120_greed_off,120,,0.2127659574468085,149,149,0,68,0.4563758389261745,0.01766757288049404,-0.02462686567164185,263.2468359193612,0.0,263.2468359193612,3,0.2127659574468085,0.19458236636419646,0.3482864503244296
core_ge_60,core,60.0,,hold_60_greed_off,60,,0.38461538461538464,113,113,0,51,0.45132743362831856,0.006122428791143942,-0.015342960288808771,69.18344533992654,0.0,69.18344533992654,3,0.0,0.22510763922494909,0.34221135389959045
enhanced_ge_45,enhanced,45.0,,hold_90_greed_off,90,,0.1276595744680851,149,149,0,71,0.47651006711409394,0.019969795458357562,-0.001427551748750866,297.5499523295276,0.0,297.5499523295276,3,0.1276595744680851,0.24725756738783536,0.3419491465341556
enhanced_ge_40,enhanced,40.0,,hold_90_greed_off,90,,0.14864864864864866,194,194,0,89,0.4587628865979381,0.013786443527610225,-0.008788317828275105,267.45700443563834,0.0,267.45700443563834,3,0.14864864864864866,0.2402683053758015,0.3359038870481048
core_ge_50,core,50.0,,hold_60_greed_off,60,,0.3058823529411765,180,180,0,74,0.4111111111111111,0.002447803583173765,-0.026607356557646566,44.06046449712777,0.0,44.06046449712777,3,0.0,0.21405344152482567,0.33492558407053935
enhanced_ge_40,enhanced,40.0,,hold_120_greed_off,120,,0.1891891891891892,194,194,0,85,0.4381443298969072,0.009282728947763183,-0.029609821340757403,180.08494158660574,0.0,180.08494158660574,3,0.1891891891891892,0.20932317625705094,0.33302537146320876
core_ge_45,core,45.0,,hold_60_greed_off,60,,0.28125,207,207,0,84,0.4057971014492754,9.205772081055126e-05,-0.028046421663443066,1.9055948207784112,0.0,1.9055948207784112,3,0.0,0.21561975028896968,0.32785948513172275
core_ge_40,core,40.0,,hold_60_greed_off,60,,0.25925925925925924,229,229,0,93,0.40611353711790393,0.0013527568327021426,-0.02927580893682591,30.978131468879067,0.0,30.978131468879067,3,0.0,0.22501159538352045,0.3242829190253348
baseline,baseline,0.0,,hold_60_greed_off,60,,0.2127659574468085,287,287,0,115,0.40069686411149824,0.007054292692056253,-0.0349544072948329,202.45820026201446,0.0,202.45820026201446,3,0.0,0.2477549378053012,0.31420650382136034
core_ge_55,core,55.0,,hold_90_greed_off,90,,0.16417910447761194,144,144,0,57,0.3958333333333333,-0.008415130499192033,-0.035508594719121045,-121.17787918836527,0.0,-121.17787918836527,3,0.16417910447761194,0.22184720163514535,0.2986919735826988
core_ge_45,core,45.0,,hold_90_greed_off,90,,0.125,207,207,0,81,0.391304347826087,-0.007892439997483396,-0.041213063763608004,-163.37350794790632,0.0,-163.37350794790632,3,0.125,0.2451616085291519,0.2928161352313405
core_ge_50,core,50.0,,hold_90_greed_off,90,,0.12941176470588237,180,180,0,70,0.3888888888888889,-0.008731801309299994,-0.040887343114253294,-157.1724235673999,0.0,-157.1724235673999,3,0.12941176470588237,0.24292472162383777,0.29223928109309477
core_ge_40,core,40.0,,hold_90_greed_off,90,,0.1111111111111111,229,229,0,89,0.388646288209607,-0.007962913256507722,-0.04182804027885345,-182.35071357402683,0.0,-182.35071357402683,3,0.1111111111111111,0.2548832014157419,0.28860842634408385
core_ge_60,core,60.0,,hold_90_greed_off,90,,0.15384615384615385,113,113,0,47,0.415929203539823,-0.004657478401144018,-0.02219140083217752,-52.6295059329274,0.0,-52.6295059329274,3,0.15384615384615385,0.23526552058553815,0.2863892469330388
core_ge_55,core,55.0,,hold_120_greed_off,120,,0.19402985074626866,144,144,0,51,0.3541666666666667,-0.021961600902800745,-0.06586139335672297,-316.2470530003307,0.0,-316.2470530003307,3,0.19402985074626866,0.19475949295979866,0.28111665128278956
baseline,baseline,0.0,,hold_90_greed_off,90,,0.0851063829787234,287,287,0,109,0.3797909407665505,-0.012125585658620557,-0.049275362318840554,-348.00430840241,0.0,-348.00430840241,3,0.0851063829787234,0.24532307000969503,0.28000418581465303
core_ge_40,core,40.0,,hold_120_greed_off,120,,0.12962962962962962,229,229,0,84,0.36681222707423583,-0.02367628842862811,-0.06588235294117639,-542.1870050155837,0.0,-542.1870050155837,3,0.12962962962962962,0.23477383969954382,0.2781495786984418
core_ge_45,core,45.0,,hold_120_greed_off,120,,0.14583333333333334,207,207,0,74,0.357487922705314,-0.025774850191638988,-0.06588235294117639,-533.5393989669271,0.0,-533.5393989669271,3,0.14583333333333334,0.22138742807338183,0.27646425455887674
core_ge_50,core,50.0,,hold_120_greed_off,120,,0.16470588235294117,180,180,0,63,0.35,-0.026121357094649328,-0.0666490416391275,-470.1844277036879,0.0,-470.1844277036879,3,0.16470588235294117,0.20977942414279013,0.27639318914785566
baseline,baseline,0.0,,hold_120_greed_off,120,,0.09929078014184398,287,287,0,104,0.3623693379790941,-0.026276697449994602,-0.06588235294117639,-754.141216814845,0.0,-754.141216814845,3,0.09929078014184398,0.2225471651090136,0.2717053384396039
core_ge_60,core,60.0,,hold_120_greed_off,120,,0.17307692307692307,113,113,0,40,0.35398230088495575,-0.013288656295885813,-0.06421299921691448,-150.1618161435097,0.0,-150.1618161435097,3,0.17307692307692307,0.2050168857489057,0.25856250730346575
