symbol,name,display_name,enabled,category,sub_category,trade_class,source,keep_reason,note,rows,start,end,amount20,max_abs_day_return,t1_tradeable,data_dedup_drop
159666,交通运输ETF,交通运输ETF,True,军工/基建/交通/央企,交通运输,ETF,c2_base30,保留C2正式池,后续做扩池对照,827,2023-02-13,2026-07-10,20059709.4181,0.08723404255319167,True,False
512660,军工ETF,军工ETF,True,军工/基建/交通/央企,军工,ETF,c2_base30,保留C2正式池,后续做扩池对照,2408,2016-08-08,2026-07-10,347482451.45,0.10011001100110017,True,False
516970,基建ETF,基建ETF,True,军工/基建/交通/央企,基建,ETF,c2_base30,保留C2正式池,后续做扩池对照,1216,2021-07-05,2026-07-10,39967857.3,0.09454191033138404,True,False
512950,央企改革ETF,央企改革ETF,True,军工/基建/交通/央企,央企改革,ETF,c2_base30,保留C2正式池,后续做扩池对照,1810,2019-01-18,2026-07-09,14438460.7,0.10013089005235598,True,False
560080,中药ETF,中药ETF,True,医药医疗,中药,ETF,c2_base30,保留C2正式池,后续做扩池对照,905,2022-10-17,2026-07-09,55951514.75,0.10046948356807506,True,False
159992,创新药ETF,创新药ETF,True,医药医疗,创新药,ETF,c2_base30,保留C2正式池,后续做扩池对照,1514,2020-04-10,2026-07-09,1067210240.05,0.10000000000000009,True,False
159883,医疗器械ETF,医疗器械ETF,True,医药医疗,医疗器械,ETF,c2_base30,保留C2正式池,后续做扩池对照,1257,2021-04-30,2026-07-09,84573935.7,0.10063897763578256,True,False
516750,建材ETF,建材ETF,True,周期资源/公用事业,建材,ETF,c2_base30,保留C2正式池,后续做扩池对照,1133,2021-11-05,2026-07-09,7207120.3,0.10046367851622873,True,False
512400,有色金属ETF,有色金属ETF,True,周期资源/公用事业,有色金属,ETF,c2_base30,保留C2正式池,后续做扩池对照,2146,2017-09-01,2026-07-09,1449667597.4,0.10004275331338175,True,False
159611,电力ETF,电力ETF,True,周期资源/公用事业,电力,ETF,c2_base30,保留C2正式池,后续做扩池对照,1090,2022-01-07,2026-07-10,585444245.905,0.07086614173228356,True,False
159930,能源ETF,能源ETF,True,周期资源/公用事业,能源,ETF,c2_base30,保留C2正式池,后续做扩池对照,3108,2013-09-16,2026-07-09,117229311.0,0.10050251256281406,True,False
515210,钢铁ETF,钢铁ETF,True,周期资源/公用事业,钢铁,ETF,c2_base30,保留C2正式池,后续做扩池对照,641,2023-11-16,2026-07-10,88923137.47999999,0.10980720871751881,True,False
159902,中小板ETF,中小板ETF,True,宽基/风格指数,中小成长,ETF,c2_base30,保留C2正式池,后续做扩池对照,641,2023-11-16,2026-07-10,13192653.983749999,0.10012795905310301,True,False
510880,红利ETF,红利ETF,True,宽基/风格指数,红利,ETF,c2_base30,保留C2正式池,后续做扩池对照,641,2023-11-16,2026-07-10,902102925.85875,0.08207758897082407,True,False
515790,光伏ETF,光伏ETF,True,新能源/高端制造,光伏,ETF,c2_base30,保留C2正式池,后续做扩池对照,1200,2021-07-27,2026-07-10,301522927.18500006,0.10067114093959728,True,False
159870,化工ETF,化工ETF,True,新能源/高端制造,化工,ETF,c2_base30,保留C2正式池,后续做扩池对照,1200,2021-07-27,2026-07-10,844562668.8475,0.09999999999999987,True,False
159663,机床ETF,机床ETF,True,新能源/高端制造,机床,ETF,c2_base30,保留C2正式池,后续做扩池对照,641,2023-11-16,2026-07-10,77850116.45625,0.10047846889952172,True,False
159565,汽车零部件ETF,汽车零部件ETF,True,新能源/高端制造,汽车零部件,ETF,c2_base30,保留C2正式池,后续做扩池对照,576,2024-02-26,2026-07-10,34180651.936249994,0.09983766233766234,True,False
159755,电池ETF,电池ETF,True,新能源/高端制造,电池,ETF,c2_base30,保留C2正式池,后续做扩池对照,1200,2021-07-27,2026-07-10,582563904.685,0.10035419126328216,True,False
512980,传媒ETF,传媒ETF,True,消费/农业/传媒,传媒,ETF,c2_base30,保留C2正式池,后续做扩池对照,1200,2021-07-27,2026-07-10,192433040.6525,0.10036719706242347,True,False
159825,农业ETF,农业ETF,True,消费/农业/传媒,农业,ETF,c2_base30,保留C2正式池,后续做扩池对照,1200,2021-07-27,2026-07-10,86822492.3425,0.09393939393939377,True,False
159996,家电ETF,家电ETF,True,消费/农业/传媒,家电,ETF,c2_base30,保留C2正式池,后续做扩池对照,1200,2021-07-27,2026-07-10,71110070.37375,0.09963099630996308,True,False
159766,旅游ETF,旅游ETF,True,消费/农业/传媒,旅游,ETF,c2_base30,保留C2正式池,后续做扩池对照,1200,2021-07-27,2026-07-10,169126594.8,0.09985528219971074,True,False
159811,5G50ETF,5G50ETF,True,科技/TMT,5G通信,ETF,c2_base30,保留C2正式池,后续做扩池对照,1506,2020-04-22,2026-07-09,50197282.7,0.10042918454935612,True,False
159813,半导体ETF鹏华,半导体ETF鹏华,True,科技/TMT,半导体,ETF,c2_base30,保留C2正式池,后续做扩池对照,1486,2020-05-25,2026-07-09,615691178.25,0.1008,True,False
159768,房地产ETF,房地产ETF,True,金融/地产,房地产,ETF,c2_base30,保留C2正式池,后续做扩池对照,1066,2022-02-16,2026-07-09,36367681.2,0.10049627791563265,True,False
512880,证券ETF,证券ETF,True,金融/地产,证券,ETF,c2_base30,保留C2正式池,后续做扩池对照,2407,2016-08-08,2026-07-09,3526132981.8,0.1003976143141152,True,False
159887,银行ETF,银行ETF,True,金融/地产,银行,ETF,c2_base30,保留C2正式池,后续做扩池对照,1246,2021-05-20,2026-07-09,101542258.45,0.058375634517766506,True,False
510300,300ETF,沪深300ETF,True,宽基/风格指数,核心宽基,ETF,wiki_sse,补足核心宽基,作为全市场核心对照,3430,2012-05-28,2026-07-09,6856631039.35,0.10005197505197505,True,False
510500,500ETF,中证500ETF,True,宽基/风格指数,中盘宽基,ETF,manual_known,补足中盘宽基,扩展风格层,3233,2013-03-15,2026-07-09,3002288979.5,0.12742382271468145,True,False
159915,创业板ETF,创业板ETF,True,宽基/风格指数,成长宽基,ETF,manual_known,补足成长宽基,扩展成长风格,3538,2011-12-09,2026-07-09,5941872614.7,0.19999999999999996,True,False
588000,科创50ETF,科创50ETF,True,宽基/风格指数,科创宽基,ETF,manual_known,补足科创宽基,补足硬科技宽基,1369,2020-11-16,2026-07-09,7533515389.0,0.19999999999999996,True,False
512890,红利低波ETF,红利低波ETF,True,宽基/风格指数,红利低波,ETF,manual_known,保留差异化红利因子,与普通红利不等价,1809,2019-01-18,2026-07-09,905199383.5,0.09429065743944631,True,False
518880,黄金ETF,黄金ETF,True,商品/贵金属/能源,黄金,ETF,manual_known,正式黄金主线,商品扩池核心,3147,2013-07-29,2026-07-09,3285138500.2,0.10000908347715509,True,False
164701,贵金属LOF,贵金属LOF,True,商品/贵金属/能源,贵金属篮子,LOF,manual_known,补足贵金属篮子,增加金银协同,3404,2012-03-01,2026-07-10,31218874.45625,0.10053619302949057,True,False
161226,白银LOF,白银LOF,True,商品/贵金属/能源,白银,LOF,manual_known,补足白银主线,与黄金不完全同步,2644,2015-08-17,2026-07-10,289631754.40875,0.10019417475728165,True,False
501018,南方原油LOF,南方原油LOF,True,商品/贵金属/能源,原油,QDII-LOF,wiki_sse,正式原油主线,补足能源商品,2435,2016-06-28,2026-07-10,552489763.9087499,0.10022779043280194,True,False
162411,华宝油气LOF,华宝油气LOF,True,商品/贵金属/能源,油气股,QDII-LOF,manual_known,保留油气股线,与原油期货不等价,3272,2012-06-08,2026-07-10,80257943.70125,0.10093457943925221,True,False
511010,国债ETF,国债ETF,True,债券/防守资产,国债,Bond-ETF,manual_known,补足防守资产,可做风险偏好对照,3220,2013-04-09,2026-07-09,815768992.4,0.016768154139780056,True,False
511260,十年国债ETF,十年国债ETF,True,债券/防守资产,长久期国债,Bond-ETF,manual_known,补足久期线,可做利率敏感对照,2151,2017-08-24,2026-07-09,3383897663.5,0.012466124661246525,True,False
159941,纳指ETF,纳指ETF,True,海外/港股/跨境,纳斯达克100,QDII-ETF,wiki_szse,补足美股成长,研究强趋势市场,2670,2015-07-13,2026-07-09,1931453436.5,0.10006373486297016,True,False
513500,标普500,标普500ETF,True,海外/港股/跨境,标普500,QDII-ETF,wiki_sse,补足美股大盘,研究海外宽基,3032,2014-01-15,2026-07-09,396656455.4,0.10015814443858717,True,False
513520,日经ETF,日经ETF,True,海外/港股/跨境,日本股市,QDII-ETF,wiki_sse,补足日本市场,增加国家分散,1708,2019-06-25,2026-07-09,655143016.1,0.09331373989713443,True,False
513030,德国30,德国30ETF,True,海外/港股/跨境,欧洲股市,QDII-ETF,wiki_sse,补足欧洲市场,增加国家分散,2874,2014-09-05,2026-07-09,80069632.45,0.10017678255745444,True,False
513050,中概互联,中概互联网ETF,True,海外/港股/跨境,中概互联网,QDII-ETF,wiki_sse,补足离岸中概互联网,与A股科技分离,2299,2017-01-18,2026-07-10,2440346250.9,0.10057803468208082,True,False
513600,恒指ETF,恒生指数ETF,True,海外/港股/跨境,恒生宽基,QDII-ETF,wiki_sse,补足港股宽基,与A股宽基区分,2781,2015-01-26,2026-07-09,156515038.9,0.10018132366273802,True,False
513060,恒生医疗,恒生医疗ETF,True,海外/港股/跨境,港股医疗,QDII-ETF,wiki_sse,补足港股医疗,和A股医药不同市场,1280,2021-03-29,2026-07-09,754672558.85,0.10123456790123453,True,False
512690,酒ETF,酒ETF,True,补充行业/风格,白酒,ETF,manual_known,补足白酒高弹性,与食品饮料区分,1742,2019-05-06,2026-07-09,681297745.25,0.10077519379844957,True,False
159851,金融科技ETF,金融科技ETF,True,补充行业/风格,金融科技,ETF,wiki_szse,补足金融科技,与券商银行区分,1286,2021-03-19,2026-07-09,357146109.25,0.10011001100109995,True,False
159852,软件ETF,软件ETF,True,补充行业/风格,软件,ETF,wiki_szse,补足软件应用层,与计算机总线互补,1309,2021-02-09,2026-07-09,382148968.8,0.10074074074074058,True,False
501225,全球芯片,全球芯片LOF,True,海外/港股/跨境,全球半导体,LOF,wiki_sse,补足全球半导体,与A股半导体区分,784,2023-04-14,2026-07-10,41759304.6925,0.10023677979479084,True,False
