line,symbol,latest_date,rows,is_stale
C,159565,2026-08-11,598,False
C,159611,2026-08-11,1112,False
C,159663,2026-08-11,921,False
C,159666,2026-08-11,849,False
C,159755,2026-08-11,1245,False
C,159766,2026-08-11,1224,False
C,159768,2026-08-11,1089,False
C,159811,2026-08-11,1529,False
C,159813,2026-08-11,1509,False
C,159825,2026-08-11,1361,False
C,159870,2026-08-11,1321,False
C,159883,2026-08-11,1280,False
C,159887,2026-08-11,1269,False
C,159902,2026-08-11,4032,False
C,159930,2026-08-11,3131,False
C,159992,2026-08-11,1537,False
C,159996,2026-08-11,1555,False
C,510880,2026-08-11,4754,False
C,512400,2026-08-11,2169,False
C,512660,2026-08-11,2430,False
C,512720,2026-08-11,1693,False
C,512880,2026-08-11,2430,False
C,512950,2026-08-11,1833,False
C,512980,2026-08-11,2075,False
C,515170,2026-08-11,1351,False
C,515210,2026-08-11,1565,False
C,515790,2026-08-11,1368,False
C,516750,2026-08-11,1156,False
C,516970,2026-08-11,1238,False
C,560080,2026-08-11,928,False
