qvix_weight,entry_threshold,max_hold,greed_threshold,signals,closed,open,wins,win_rate,avg_return,median_return,realized_pnl_per_100,unrealized_pnl_per_100,mark_to_market_pnl_per_100,covered_years,worst_year_win_rate,year_win_rate_std,meaningful_worst_year,selection_score
0.2,45.0,90.0,70.0,175.0,175.0,0.0,130.0,0.7428571428571429,0.06500029657433841,0.042241379310344884,1137.5051900509222,0.0,1137.5051900509222,3.0,0.0,0.37328839318095713,0.6796116504854369,0.5597573216904951
0.2,45.0,60.0,70.0,175.0,175.0,0.0,127.0,0.7257142857142858,0.06575104093401314,0.04044750430292621,1150.64321634523,0.0,1150.64321634523,3.0,0.0,0.3692742012124782,0.6504854368932039,0.5473257825276284
0.2,35.0,90.0,70.0,236.0,236.0,0.0,164.0,0.6949152542372882,0.055482720842803354,0.03407576605613205,1309.3922118901592,0.0,1309.3922118901592,3.0,0.0,0.3342242469459104,0.6793893129770993,0.5364987645202369
0.3,40.0,90.0,70.0,194.0,194.0,0.0,139.0,0.7164948453608248,0.05583135555809352,0.038659793814433074,1083.1282978270144,0.0,1083.1282978270144,3.0,0.0,0.37365529619479654,0.6239316239316239,0.5359025814640956
0.2,50.0,90.0,70.0,134.0,134.0,0.0,97.0,0.7238805970149254,0.062406861586675716,0.03512016724065259,836.2519452614546,0.0,836.2519452614546,3.0,0.0,0.37821208923929145,0.6463414634146342,0.5335695996105169
0.2,40.0,90.0,70.0,212.0,212.0,0.0,146.0,0.6886792452830188,0.056494666990815644,0.03696887334908561,1197.6869402052916,0.0,1197.6869402052916,3.0,0.0,0.33356790965417077,0.6638655462184874,0.5313576885496527
0.3,35.0,90.0,70.0,229.0,229.0,0.0,159.0,0.6943231441048034,0.051635179436751534,0.03299293008641002,1182.44560910161,0.0,1182.44560910161,3.0,0.0,0.34417479980041776,0.6390977443609023,0.5284010445816916
0.2,35.0,60.0,70.0,236.0,236.0,0.0,161.0,0.6822033898305084,0.055818803400960876,0.03326482077504089,1317.3237602626766,0.0,1317.3237602626766,3.0,0.0,0.32962014716921,0.6564885496183206,0.5271600664347057
0.3,40.0,60.0,70.0,194.0,194.0,0.0,136.0,0.7010309278350515,0.056712435498241655,0.03404561456509414,1100.221248665888,0.0,1100.221248665888,3.0,0.0,0.3711280860699912,0.5982905982905983,0.5247469156500766
0.2,40.0,60.0,70.0,212.0,212.0,0.0,143.0,0.6745283018867925,0.05722647920183457,0.03393425238600223,1213.2013590788927,0.0,1213.2013590788927,3.0,0.0,0.3288480971529912,0.6386554621848739,0.5210612422993467
0.0,55.0,90.0,70.0,144.0,144.0,0.0,98.0,0.6805555555555556,0.035759716215359935,0.03254974029602353,514.9399135011831,0.0,514.9399135011831,3.0,0.0,0.32762703104262947,0.6716417910447762,0.5197538130049238
0.3,35.0,60.0,70.0,229.0,229.0,0.0,156.0,0.6812227074235808,0.051934572796529514,0.031044214487300215,1189.3017170405258,0.0,1189.3017170405258,3.0,0.0,0.3408090789449069,0.6165413533834586,0.5188114736028491
0.2,50.0,60.0,70.0,134.0,134.0,0.0,94.0,0.7014925373134329,0.06394104254341268,0.03326482077504089,856.80997008173,0.0,856.80997008173,3.0,0.0,0.3743430115847524,0.6097560975609756,0.5175808363332691
0.4,35.0,90.0,70.0,212.0,212.0,0.0,140.0,0.660377358490566,0.046589067601800226,0.02659073055773764,987.6882331581647,0.0,987.6882331581647,3.0,0.0,0.3258807988377175,0.6287878787878788,0.5100836640568974
0.0,55.0,60.0,70.0,144.0,144.0,0.0,94.0,0.6527777777777778,0.03940593502645947,0.03254974029602353,567.4454643810163,0.0,567.4454643810163,3.0,0.0,0.3144044260080136,0.6621621621621622,0.506412342889187
0.0,60.0,90.0,70.0,113.0,113.0,0.0,78.0,0.6902654867256637,0.03773781448664184,0.03181336161187698,426.4373036990528,0.0,426.4373036990528,3.0,0.0,0.33455460313221175,0.6730769230769231,0.5040977005287872
0.4,35.0,60.0,70.0,212.0,212.0,0.0,137.0,0.6462264150943396,0.04683325454263131,0.026075827867541257,992.8649963037838,0.0,992.8649963037838,3.0,0.0,0.32202542150991825,0.6060606060606061,0.49996857837112507
0.0,50.0,90.0,70.0,180.0,180.0,0.0,117.0,0.65,0.032854340393864735,0.03142392218524881,591.3781270895653,0.0,591.3781270895653,3.0,0.0,0.3141887263502551,0.6,0.49807848699044577
0.0,60.0,60.0,70.0,113.0,113.0,0.0,75.0,0.6637168141592921,0.04138187208219539,0.03181336161187698,467.61515452880786,0.0,467.61515452880786,3.0,0.0,0.32127033261498233,0.6730769230769231,0.4927971202858681
0.5,35.0,60.0,70.0,167.0,167.0,0.0,105.0,0.6287425149700598,0.0447958006037765,0.024836601307189454,748.0898700830675,0.0,748.0898700830675,3.0,0.0,0.323847108924441,0.6124031007751938,0.4915229040382978
0.5,35.0,90.0,70.0,167.0,167.0,0.0,105.0,0.6287425149700598,0.04027752649191899,0.024836601307189454,672.6346924150471,0.0,672.6346924150471,3.0,0.0,0.323847108924441,0.6124031007751938,0.4903933355103335
0.0,65.0,90.0,70.0,66.0,66.0,0.0,44.0,0.6666666666666666,0.037840899830308326,0.025121555915721183,249.74993888003496,0.0,249.74993888003496,2.0,0.6666666666666666,0.0,0.6666666666666666,0.48679355829091037
0.0,50.0,60.0,70.0,180.0,180.0,0.0,112.0,0.6222222222222222,0.03596523326005124,0.03142392218524881,647.3741986809222,0.0,647.3741986809222,3.0,0.0,0.29881267528810324,0.6,0.48619740540307566
0.0,45.0,90.0,70.0,207.0,207.0,0.0,131.0,0.6328502415458938,0.031102360554375045,0.03103448275862064,643.8188634755634,0.0,643.8188634755634,3.0,0.0,0.30560280296265496,0.5729166666666666,0.4856899866745283
0.2,55.0,90.0,70.0,81.0,81.0,0.0,56.0,0.691358024691358,0.06234932269923517,0.038659793814433074,505.0295138638049,0.0,505.0295138638049,3.0,0.0,0.4143907777608735,0.6507936507936508,0.47973412841866553
0.0,35.0,90.0,70.0,256.0,256.0,0.0,160.0,0.625,0.031341162434496535,0.027840216224086722,802.3337583231113,0.0,802.3337583231113,3.0,0.0,0.30651140860591747,0.5365853658536586,0.4763021827981995
0.0,40.0,90.0,70.0,229.0,229.0,0.0,142.0,0.6200873362445415,0.030712756502651505,0.026595744680850908,703.3221239107195,0.0,703.3221239107195,3.0,0.0,0.3014548566721547,0.5462962962962963,0.4755499131586056
0.0,45.0,60.0,70.0,207.0,207.0,0.0,126.0,0.6086956521739131,0.03413449052680199,0.03103448275862064,706.5839539048011,0.0,706.5839539048011,3.0,0.0,0.2920343761213914,0.5729166666666666,0.4754561986289457
0.0,35.0,60.0,70.0,256.0,256.0,0.0,155.0,0.60546875,0.037222072446329565,0.02990251337518668,952.8850546260369,0.0,952.8850546260369,3.0,0.0,0.2941154282392039,0.5365853658536586,0.4689984637304948
0.0,40.0,60.0,70.0,229.0,229.0,0.0,137.0,0.5982532751091703,0.03546382349465614,0.026595744680850908,812.1215580276257,0.0,812.1215580276257,3.0,0.0,0.2883947677529976,0.5462962962962963,0.4668654564524538
0.2,55.0,60.0,70.0,81.0,81.0,0.0,54.0,0.6666666666666666,0.06575137972176427,0.03393425238600223,532.5861757462907,0.0,532.5861757462907,3.0,0.0,0.4120874598649895,0.6190476190476191,0.4636613243317181
0.0,65.0,60.0,70.0,66.0,66.0,0.0,41.0,0.6212121212121212,0.04084709314972578,0.025121555915721183,269.5908147881902,0.0,269.5908147881902,2.0,0.5897435897435898,0.038461538461538436,0.5897435897435898,0.45020244927810743
0.5,45.0,60.0,70.0,87.0,87.0,0.0,52.0,0.5977011494252874,0.06230070391427021,0.026315789473684292,542.0161240541507,0.0,542.0161240541507,3.0,0.0,0.2690921815192742,0.6219512195121951,0.4441910590964986
0.5,40.0,60.0,70.0,115.0,115.0,0.0,66.0,0.5739130434782609,0.0490384221093484,0.01846722068328721,563.9418542575066,0.0,563.9418542575066,3.0,0.0,0.28023672660181603,0.5887850467289719,0.44178161281433476
0.5,45.0,90.0,70.0,87.0,87.0,0.0,52.0,0.5977011494252874,0.05259619874234371,0.026315789473684292,457.5869290583903,0.0,457.5869290583903,3.0,0.0,0.2690921815192742,0.6219512195121951,0.44176493280351703
0.5,40.0,90.0,70.0,115.0,115.0,0.0,66.0,0.5739130434782609,0.04158694205995898,0.01846722068328721,478.24983368952826,0.0,478.24983368952826,3.0,0.0,0.28023672660181603,0.5887850467289719,0.4399187428019874
0.3,50.0,90.0,70.0,91.0,91.0,0.0,55.0,0.6043956043956044,0.05017533382971821,0.022529069767442067,456.59553785043573,0.0,456.59553785043573,3.0,0.0,0.33384495371911643,0.6075949367088608,0.4398399465306982
0.4,50.0,90.0,70.0,75.0,75.0,0.0,44.0,0.5866666666666667,0.05408263442925672,0.021044992743106006,405.61975821942536,0.0,405.61975821942536,3.0,0.0,0.292138012884583,0.6197183098591549,0.42644069738875406
0.4,45.0,90.0,70.0,96.0,96.0,0.0,53.0,0.5520833333333334,0.047734453836782396,0.010432106470285474,458.250756833111,0.0,458.250756833111,3.0,0.0,0.2368054424169745,0.5777777777777777,0.419697511399171
0.3,50.0,60.0,70.0,91.0,91.0,0.0,52.0,0.5714285714285714,0.05119973504533468,0.022241231822070162,465.9175889125455,0.0,465.9175889125455,3.0,0.0,0.3287577729496455,0.569620253164557,0.41832330228099796
0.8,40.0,90.0,70.0,80.0,80.0,0.0,48.0,0.6,0.02739699728313011,0.014092872990541516,219.17597826504087,0.0,219.17597826504087,3.0,0.0,0.41111108293506393,0.6027397260273972,0.4177046549234203
0.8,40.0,60.0,70.0,80.0,80.0,0.0,48.0,0.6,0.02739699728313011,0.014092872990541516,219.17597826504087,0.0,219.17597826504087,3.0,0.0,0.41111108293506393,0.6027397260273972,0.4177046549234203
0.8,35.0,90.0,70.0,109.0,109.0,0.0,61.0,0.5596330275229358,0.01904326586791904,0.005859375,207.57159796031752,0.0,207.57159796031752,3.0,0.0,0.3356628725166094,0.5643564356435643,0.4150444324403202
0.8,35.0,60.0,70.0,109.0,109.0,0.0,61.0,0.5596330275229358,0.01904326586791904,0.005859375,207.57159796031752,0.0,207.57159796031752,3.0,0.0,0.3356628725166094,0.5643564356435643,0.4150444324403202
0.8,45.0,60.0,70.0,63.0,63.0,0.0,38.0,0.6031746031746031,0.0318771322473656,0.01565217391304352,200.8259331584033,0.0,200.8259331584033,3.0,0.0,0.4117723214569344,0.6140350877192983,0.41072006209048295
0.8,45.0,90.0,70.0,63.0,63.0,0.0,38.0,0.6031746031746031,0.0318771322473656,0.01565217391304352,200.8259331584033,0.0,200.8259331584033,3.0,0.0,0.4117723214569344,0.6140350877192983,0.41072006209048295
0.6,35.0,90.0,70.0,136.0,136.0,0.0,68.0,0.5,0.023269223758186314,-0.0005332250288229146,316.46144311133384,0.0,316.46144311133384,3.0,0.0,0.23862861986079953,0.5,0.40239368301734935
0.6,35.0,60.0,70.0,136.0,136.0,0.0,68.0,0.5,0.022405163732415228,-0.0005332250288229146,304.7102267608471,0.0,304.7102267608471,3.0,0.0,0.23862861986079953,0.5,0.40217766801090654
0.4,50.0,60.0,70.0,75.0,75.0,0.0,41.0,0.5466666666666666,0.05561907561908939,0.01807228915662651,417.1430671431704,0.0,417.1430671431704,3.0,0.0,0.27221951200608874,0.5774647887323944,0.4020802595874777
0.4,45.0,60.0,70.0,96.0,96.0,0.0,50.0,0.5208333333333334,0.04936500132620806,0.009736305631304454,473.9040127315974,0.0,473.9040127315974,3.0,0.0,0.22412763363566324,0.5444444444444444,0.40049437297403234
0.6,45.0,60.0,70.0,75.0,75.0,0.0,40.0,0.5333333333333333,0.039817582239017636,0.00439560439560438,298.63186679263225,0.0,298.63186679263225,3.0,0.0,0.40874788064523687,0.5428571428571428,0.3753498032033735
0.6,45.0,90.0,70.0,75.0,75.0,0.0,40.0,0.5333333333333333,0.039817582239017636,0.00439560439560438,298.63186679263225,0.0,298.63186679263225,3.0,0.0,0.40874788064523687,0.5428571428571428,0.3753498032033735
0.6,40.0,60.0,70.0,103.0,103.0,0.0,51.0,0.49514563106796117,0.027019108231713652,-0.002586206896551646,278.2968147866506,0.0,278.2968147866506,3.0,0.0,0.3419284855424233,0.48936170212765956,0.3690442357343307
0.6,40.0,90.0,70.0,103.0,103.0,0.0,51.0,0.49514563106796117,0.027019108231713652,-0.002586206896551646,278.2968147866506,0.0,278.2968147866506,3.0,0.0,0.3419284855424233,0.48936170212765956,0.3690442357343307
