variant,window,combo,trades,final,total_ret,ann,win,avg_trade,max_drawdown_trade_curve
forced_all,2019_2026,C,45,14451.853448817938,0.44518534488179373,0.04990129344295724,0.5111111111111111,0.011319569632446755,-0.43581569613661475
forced_all,2019_2026,S,79,13817.623664828881,0.3817623664828882,0.0943473213459114,0.4936708860759494,0.00669994451911646,-0.33510457460055887
forced_all,2019_2026,D,47,19606.613981740633,0.9606613981740633,0.09297878285854422,0.5531914893617021,0.016792345402744626,-0.28386201035929115
forced_all,2019_2026,C+S,77,12836.40199375294,0.28364019937529394,0.033448720067342785,0.4805194805194805,0.006393393862534478,-0.5204960329505143
forced_all,2019_2026,C+D,47,17137.4480847049,0.7137448084704903,0.07419618513722614,0.5319148936170213,0.01409808644523658,-0.28386201035929115
forced_all,2019_2026,S+D,51,16144.945701920433,0.6144945701920432,0.0652252344486941,0.5294117647058824,0.011950851768311583,-0.28386201035929115
forced_all,2019_2026,C+S+D,48,16926.49129956841,0.6926491299568409,0.07202294159432743,0.5416666666666666,0.013594175656087884,-0.28386201035929115
forced_all,2021_2026,C,33,12341.347897114138,0.23413478971141366,0.03851855084482492,0.5151515151515151,0.011945727419752781,-0.4389164684386767
forced_all,2021_2026,S,79,13817.623664828881,0.3817623664828882,0.0943473213459114,0.4936708860759494,0.00669994451911646,-0.33510457460055887
forced_all,2021_2026,D,40,13698.911148952628,0.36989111489526283,0.05817402710074715,0.5,0.010545034998099796,-0.2838620103592915
forced_all,2021_2026,C+S,71,21332.072436536582,1.1332072436536582,0.14596799100394264,0.4647887323943662,0.01524118497539099,-0.41689697031872586
forced_all,2021_2026,C+D,40,11973.733906874162,0.19737339068741622,0.03317358668964987,0.475,0.007379280723027839,-0.2838620103592915
forced_all,2021_2026,S+D,44,11280.28413683482,0.12802841368348195,0.02184729392428042,0.4772727272727273,0.005501241049520117,-0.2838620103592915
forced_all,2021_2026,C+S+D,41,11826.340876208858,0.18263408762088584,0.03062633097161771,0.4878048780487805,0.006953209694810066,-0.2838620103592915
forced_all,past_2y,C,11,15841.70893421667,0.584170893421667,0.2793972487470364,0.7272727272727273,0.04544348895537035,-0.09257525083612028
forced_all,past_2y,S,43,13044.90798798908,0.30449079879890806,0.14565640490100762,0.4883720930232558,0.010310671229779652,-0.2491278464743374
forced_all,past_2y,D,17,12106.49460772151,0.21064946077215096,0.10227703806407629,0.5294117647058824,0.015159595918541723,-0.1869298496307198
forced_all,past_2y,C+S,32,10525.592865143159,0.05255928651431585,0.026588265031705527,0.4375,0.006365290865498855,-0.4488676907281365
forced_all,past_2y,C+D,17,10581.858908468605,0.05818589084686043,0.029949860955176932,0.47058823529411764,0.007710762330137122,-0.21255397754706873
forced_all,past_2y,S+D,21,9969.018529374027,-0.0030981470625972563,-0.001572865598947648,0.47619047619047616,0.003712682708100124,-0.2581583201385549
forced_all,past_2y,C+S+D,18,10451.599436634475,0.045159943663447555,0.022820216312273045,0.5,0.006721851565468343,-0.2222471991133208
forced_all,past_1y,C,5,11311.84402179721,0.13118440217972083,0.15631042955192442,0.4,0.025902358094129673,-0.019087666793559332
forced_all,past_1y,S,21,15280.578985576833,0.5280578985576831,0.5585245766069906,0.42857142857142855,0.02543826212013221,-0.1876946028188583
forced_all,past_1y,D,5,9930.504608838168,-0.006949539116183234,-0.007189836816849704,0.4,-4.8307482675318846e-05,-0.07347670250896066
forced_all,past_1y,C+S,19,13678.749188051683,0.3678749188051682,0.3753552261267661,0.47368421052631576,0.021701654518523794,-0.24071338779025175
forced_all,past_1y,C+D,5,8679.902983114596,-0.13200970168854043,-0.1426416716225103,0.2,-0.025374341683250957,-0.18569065343258895
forced_all,past_1y,S+D,9,8177.21294720616,-0.18227870527938406,-0.18654315393083243,0.3333333333333333,-0.019998703462053697,-0.23285076518301573
forced_all,past_1y,C+S+D,6,8573.056011525592,-0.14269439884744084,-0.14803631504129966,0.3333333333333333,-0.02282688997502595,-0.19571455436634433
fixed_high_score,2019_2026,C,24,15562.26715138282,0.556226715138282,0.06290251450233786,0.5833333333333334,0.023158514420805035,-0.24872348185012016
fixed_high_score,2019_2026,S,42,12580.933125882673,0.2580933125882674,0.06787412261444192,0.5238095238095238,0.00851917098538528,-0.2844943869913773
fixed_high_score,2019_2026,D,17,25948.831469904773,1.5948831469904774,0.13612371230641185,0.7647058823529411,0.05954254980424691,-0.017642341619887647
fixed_high_score,2019_2026,C+S,38,13062.611026251123,0.3062611026251123,0.03753920208220074,0.5526315789473685,0.010722683871240436,-0.3123248166912431
fixed_high_score,2019_2026,C+D,23,19050.91782975919,0.9050917829759191,0.09009415303672741,0.6521739130434783,0.03168452672390446,-0.21450692755814538
fixed_high_score,2019_2026,S+D,38,16882.06313038304,0.688206313038304,0.0714100244089837,0.6052631578947368,0.016851715133122995,-0.3361042189316549
fixed_high_score,2019_2026,C+S+D,37,12438.766757697897,0.24387667576978966,0.02916200033365035,0.5675675675675675,0.009551001747847713,-0.3936850357149656
fixed_high_score,2021_2026,C,19,12559.16143650065,0.255916143650065,0.042340598594480694,0.5263157894736842,0.01737691489918802,-0.24872348185012005
fixed_high_score,2021_2026,S,42,12580.933125882673,0.2580933125882674,0.06787412261444192,0.5238095238095238,0.00851917098538528,-0.2844943869913773
fixed_high_score,2021_2026,D,13,18902.968065896002,0.8902968065896002,0.12517052860942268,0.6923076923076923,0.052012072100998605,-0.017642341619887536
fixed_high_score,2021_2026,C+S,33,10541.872791736756,0.054187279173675496,0.00964979241855013,0.5151515151515151,0.005509667396739033,-0.31232481669124323
fixed_high_score,2021_2026,C+D,17,10795.49055267358,0.07954905526735812,0.014278195236465452,0.5294117647058824,0.007403610110422472,-0.21450692755814538
fixed_high_score,2021_2026,S+D,34,12298.09136531581,0.22980913653158086,0.038188948531832745,0.5588235294117647,0.008949963697042894,-0.3361042189316549
fixed_high_score,2021_2026,C+S+D,31,7048.615201619144,-0.2951384798380856,-0.06140093781095246,0.4838709677419355,-0.008048247680717912,-0.3936850357149656
fixed_high_score,past_2y,C,6,10670.281311293033,0.06702813112930328,0.03369719415753414,0.6666666666666666,0.014258030689245768,-0.15484952351203818
fixed_high_score,past_2y,S,22,13891.504370139008,0.38915043701390073,0.18090489577722502,0.6363636363636364,0.01955674054313898,-0.23653754029418406
fixed_high_score,past_2y,D,6,15790.384201020268,0.5790384201020269,0.27902043042213776,0.6666666666666666,0.08169723993647796,-0.008547008547008406
fixed_high_score,past_2y,C+S,15,8458.700775068564,-0.1541299224931436,-0.08195522375327169,0.6,-0.00878430149407428,-0.2627863272347565
fixed_high_score,past_2y,C+D,6,12047.218497499633,0.20472184974996321,0.10521535562562168,0.5,0.03271100814189553,-0.017738359201773912
fixed_high_score,past_2y,S+D,13,10119.241189378306,0.011924118937830741,0.006014584062032702,0.6153846153846154,0.005950850539317721,-0.33610421893165476
fixed_high_score,past_2y,C+S+D,13,7720.439736321398,-0.22795602636786017,-0.12235951378610055,0.5384615384615384,-0.01665817951972032,-0.33610421893165476
fixed_high_score,past_1y,C,3,8716.131137165476,-0.1283868862834524,-0.1818875399442078,0.3333333333333333,-0.042144424608263197,-0.1548495235120383
fixed_high_score,past_1y,S,10,12550.849894308956,0.2550849894308955,0.27017253246116835,0.5,0.03229850298670111,-0.23653754029418406
fixed_high_score,past_1y,D,3,11665.745848292196,0.1665745848292195,0.25587535031850583,0.3333333333333333,0.0560863570682058,-0.008547008547008628
fixed_high_score,past_1y,C+S,6,7708.282310808253,-0.22917176891917468,-0.2451789768618592,0.5,-0.0385160772188901,-0.26278632723475637
fixed_high_score,past_1y,C+D,3,10214.911246955535,0.021491124695553587,0.03194277429000936,0.3333333333333333,0.007260287294230801,-0.008547008547008628
fixed_high_score,past_1y,S+D,6,7859.848590731967,-0.2140151409268033,-0.2239072454292439,0.3333333333333333,-0.03168674622389103,-0.33610421893165476
fixed_high_score,past_1y,C+S+D,6,6882.342270519229,-0.31176577294807717,-0.3251578141948046,0.3333333333333333,-0.05609978111087854,-0.33610421893165476
rolling_gate,2019_2026,C,28,9371.610421349369,-0.0628389578650631,-0.01177072437458071,0.39285714285714285,0.001426718785715279,-0.45176473027968134
rolling_gate,2019_2026,S,51,10265.064489556356,0.026506448955635697,0.01030530511939065,0.45098039215686275,0.004396593689817825,-0.42882335486697387
rolling_gate,2019_2026,D,15,25077.998713247973,1.507799871324797,0.1846310440190524,0.8666666666666667,0.06656178215700097,-0.1147672552166934
rolling_gate,2019_2026,C+S,55,11645.104903604988,0.1645104903604988,0.0281757864194061,0.4,0.007097965435066537,-0.6095754645950322
rolling_gate,2019_2026,C+D,22,7978.0615738674705,-0.2021938426132529,-0.04077320585965949,0.36363636363636365,-0.0039049491292795914,-0.5406635696495329
rolling_gate,2019_2026,S+D,44,20206.80798738494,1.020680798738494,0.13471266633921508,0.5454545454545454,0.02337350178546128,-0.44359498092493055
rolling_gate,2019_2026,C+S+D,46,5983.645444022331,-0.4016354555977669,-0.08813709010248094,0.3695652173913043,-0.006670494302239428,-0.562767072868918
rolling_gate,2021_2026,C,28,9371.610421349369,-0.0628389578650631,-0.01177072437458071,0.39285714285714285,0.001426718785715279,-0.45176473027968134
rolling_gate,2021_2026,S,51,10265.064489556356,0.026506448955635697,0.01030530511939065,0.45098039215686275,0.004396593689817825,-0.42882335486697387
rolling_gate,2021_2026,D,15,25077.998713247973,1.507799871324797,0.1846310440190524,0.8666666666666667,0.06656178215700097,-0.1147672552166934
rolling_gate,2021_2026,C+S,55,11645.104903604988,0.1645104903604988,0.0281757864194061,0.4,0.007097965435066537,-0.6095754645950322
rolling_gate,2021_2026,C+D,22,7978.0615738674705,-0.2021938426132529,-0.04077320585965949,0.36363636363636365,-0.0039049491292795914,-0.5406635696495329
rolling_gate,2021_2026,S+D,44,20206.80798738494,1.020680798738494,0.13471266633921508,0.5454545454545454,0.02337350178546128,-0.44359498092493055
rolling_gate,2021_2026,C+S+D,46,5983.645444022331,-0.4016354555977669,-0.08813709010248094,0.3695652173913043,-0.006670494302239428,-0.562767072868918
rolling_gate,past_2y,C,8,10624.83583973044,0.06248358397304399,0.03167075181550061,0.5,0.010235601277160875,-0.12525223407321995
rolling_gate,past_2y,S,38,9861.053509431089,-0.013894649056891084,-0.007172196185357027,0.42105263157894735,0.0043229395990490435,-0.41786643728009243
rolling_gate,past_2y,D,6,17094.676567008024,0.7094676567008025,0.3389203836611365,1.0,0.0952407340777726,0.0
rolling_gate,past_2y,C+S,26,9038.754473926978,-0.09612455260730224,-0.050662467710458015,0.5,-0.0021384263279253077,-0.2207586442400894
rolling_gate,past_2y,C+D,6,11091.652297348699,0.10916522973486997,0.057840829845951625,0.6666666666666666,0.018237436891782734,-0.061344093615993134
rolling_gate,past_2y,S+D,26,11492.487692780234,0.14924876927802333,0.07269984859503187,0.5384615384615384,0.01376616961381047,-0.44359498092493055
rolling_gate,past_2y,C+S+D,22,7353.074325052365,-0.26469256749476355,-0.14368201849096074,0.45454545454545453,-0.009211912940999555,-0.4733839003352416
rolling_gate,past_1y,C,4,10684.021078384427,0.0684021078384427,0.09255812443038058,0.5,0.019605820937140424,-0.09401860931443862
rolling_gate,past_1y,S,16,11577.153976641848,0.15771539766418474,0.1671867518150454,0.4375,0.016490747501295363,-0.2955999191809108
rolling_gate,past_1y,D,3,12629.341354251943,0.2629341354251944,0.36974425732229754,1.0,0.08317334535079503,0.0
rolling_gate,past_1y,C+S,13,12938.119741187316,0.2938119741187317,0.3124876098725191,0.46153846153846156,0.026897204849727012,-0.21644362499703873
rolling_gate,past_1y,C+D,3,11063.614982411398,0.10636149824113983,0.14594515702399624,1.0,0.0345010824608235,0.0
rolling_gate,past_1y,S+D,13,9109.27026234381,-0.08907297376561896,-0.09031146137492951,0.38461538461538464,0.002103681184755593,-0.4457557771155133
rolling_gate,past_1y,C+S+D,13,9109.27026234381,-0.08907297376561896,-0.09031146137492951,0.38461538461538464,0.002103681184755593,-0.4457557771155133
