date,symbol,name,open,high,low,close,volume,amount,pct_change,turnover_rate,source_file,amplitude,change
2021-06-24,159755,,1.041,1.045,1.018,1.025,284549871.0,293650504.0,,,sina:159755,,
2021-06-25,159755,,1.03,1.049,1.02,1.045,172959646.0,179448376.0,,,sina:159755,,
2021-06-28,159755,,1.047,1.08,1.047,1.069,128456101.0,137355839.0,,,sina:159755,,
2021-06-29,159755,,1.082,1.096,1.066,1.074,102027703.0,109975188.0,,,sina:159755,,
2021-06-30,159755,,1.075,1.103,1.063,1.099,119432097.0,130218304.0,,,sina:159755,,
2021-07-01,159755,,1.1,1.108,1.067,1.077,112904656.0,122213765.0,,,sina:159755,,
2021-07-02,159755,,1.069,1.092,1.061,1.08,93879595.0,101192673.0,,,sina:159755,,
2021-07-05,159755,,1.079,1.116,1.071,1.116,116893460.0,128927854.0,,,sina:159755,,
2021-07-06,159755,,1.121,1.156,1.09,1.121,202953144.0,228181736.0,,,sina:159755,,
2021-07-07,159755,,1.106,1.184,1.093,1.184,227442786.0,263138368.0,,,sina:159755,,
2021-07-08,159755,,1.2,1.229,1.19,1.211,162301033.0,196936491.0,,,sina:159755,,
2021-07-09,159755,,1.205,1.247,1.184,1.24,214165484.0,260077234.0,,,sina:159755,,
2021-07-12,159755,,1.266,1.314,1.258,1.305,278192407.0,357814786.0,,,sina:159755,,
2021-07-13,159755,,1.306,1.31,1.278,1.305,211087651.0,273135697.0,,,sina:159755,,
2021-07-14,159755,,1.281,1.288,1.241,1.243,252753218.0,318594711.0,,,sina:159755,,
2021-07-15,159755,,1.232,1.269,1.215,1.262,207074078.0,258017089.0,,,sina:159755,,
2021-07-16,159755,,1.248,1.27,1.21,1.212,175891032.0,217487066.0,,,sina:159755,,
2021-07-19,159755,,1.2,1.232,1.175,1.187,204840540.0,245574855.0,,,sina:159755,,
2021-07-20,159755,,1.178,1.215,1.17,1.212,135597744.0,163132320.0,,,sina:159755,,
2021-07-21,159755,,1.223,1.283,1.223,1.28,212157125.0,266999390.0,,,sina:159755,,
2021-07-22,159755,,1.289,1.302,1.261,1.288,177085840.0,226431113.0,,,sina:159755,,
2021-07-23,159755,,1.288,1.32,1.269,1.28,178362914.0,230856578.0,,,sina:159755,,
2021-07-26,159755,,1.272,1.289,1.225,1.264,189640896.0,239223457.0,,,sina:159755,,
2021-07-27,159755,,1.263,1.294,1.183,1.187,273843582.0,339165908.0,,,sina:159755,,
2021-07-28,159755,,1.171,1.226,1.139,1.185,219017619.0,258657203.0,,,sina:159755,,
2021-07-29,159755,,1.226,1.267,1.21,1.267,219249953.0,271427576.0,,,sina:159755,,
2021-07-30,159755,,1.268,1.295,1.247,1.267,199541840.0,253097567.0,,,sina:159755,,
2021-08-02,159755,,1.291,1.331,1.25,1.292,256370960.0,331369592.0,,,sina:159755,,
2021-08-03,159755,,1.293,1.294,1.234,1.24,196126597.0,246069785.0,,,sina:159755,,
2021-08-04,159755,,1.237,1.35,1.237,1.35,375495022.0,490467441.0,,,sina:159755,,
2021-08-05,159755,,1.335,1.349,1.316,1.337,169501155.0,225532393.0,,,sina:159755,,
2021-08-06,159755,,1.374,1.403,1.345,1.363,238904586.0,328069503.0,,,sina:159755,,
2021-08-09,159755,,1.337,1.337,1.28,1.316,322656624.0,419284315.0,,,sina:159755,,
2021-08-10,159755,,1.305,1.33,1.257,1.291,292285497.0,377300391.0,,,sina:159755,,
2021-08-11,159755,,1.288,1.325,1.273,1.317,255356187.0,333004966.0,,,sina:159755,,
2021-08-12,159755,,1.313,1.34,1.29,1.328,202970509.0,266643409.0,,,sina:159755,,
2021-08-13,159755,,1.312,1.377,1.308,1.322,241129659.0,323475323.0,,,sina:159755,,
2021-08-16,159755,,1.295,1.307,1.248,1.256,288809820.0,365441548.0,,,sina:159755,,
2021-08-17,159755,,1.25,1.273,1.23,1.236,255604180.0,319904511.0,,,sina:159755,,
2021-08-18,159755,,1.242,1.276,1.233,1.25,208133399.0,260682855.0,,,sina:159755,,
2021-08-19,159755,,1.245,1.31,1.235,1.296,279091039.0,355557369.0,,,sina:159755,,
2021-08-20,159755,,1.28,1.311,1.261,1.282,235752063.0,302312645.0,,,sina:159755,,
2021-08-23,159755,,1.287,1.315,1.266,1.306,195961479.0,253457355.0,,,sina:159755,,
2021-08-24,159755,,1.312,1.366,1.309,1.348,211374003.0,284314700.0,,,sina:159755,,
2021-08-25,159755,,1.345,1.35,1.311,1.344,154133688.0,205013853.0,,,sina:159755,,
2021-08-26,159755,,1.346,1.366,1.318,1.322,148626748.0,198203711.0,,,sina:159755,,
2021-08-27,159755,,1.316,1.355,1.303,1.347,160440458.0,213911184.0,,,sina:159755,,
2021-08-30,159755,,1.34,1.395,1.331,1.366,192338621.0,263209640.0,,,sina:159755,,
2021-08-31,159755,,1.36,1.363,1.331,1.35,133171882.0,178889839.0,,,sina:159755,,
2021-09-01,159755,,1.358,1.362,1.266,1.29,202858778.0,264220552.0,,,sina:159755,,
2021-09-02,159755,,1.287,1.312,1.28,1.304,142505042.0,185104636.0,,,sina:159755,,
2021-09-03,159755,,1.304,1.309,1.235,1.247,244602927.0,308682981.0,,,sina:159755,,
2021-09-06,159755,,1.242,1.292,1.228,1.289,190438463.0,240928829.0,,,sina:159755,,
2021-09-07,159755,,1.289,1.344,1.28,1.338,198950912.0,263802181.0,,,sina:159755,,
2021-09-08,159755,,1.335,1.346,1.312,1.315,114329365.0,151803216.0,,,sina:159755,,
2021-09-09,159755,,1.317,1.346,1.296,1.325,129111508.0,170648330.0,,,sina:159755,,
2021-09-10,159755,,1.325,1.331,1.304,1.329,116011429.0,153061900.0,,,sina:159755,,
2021-09-13,159755,,1.333,1.344,1.3,1.315,93269631.0,122933172.0,,,sina:159755,,
2021-09-14,159755,,1.311,1.382,1.29,1.355,283886790.0,384924154.0,,,sina:159755,,
2021-09-15,159755,,1.357,1.376,1.344,1.367,192305643.0,262126976.0,,,sina:159755,,
2021-09-16,159755,,1.36,1.365,1.305,1.307,139645659.0,185232490.0,,,sina:159755,,
2021-09-17,159755,,1.304,1.334,1.281,1.32,133109032.0,174636856.0,,,sina:159755,,
2021-09-22,159755,,1.299,1.32,1.293,1.306,77343009.0,101290413.0,,,sina:159755,,
2021-09-23,159755,,1.315,1.325,1.303,1.308,81215309.0,106665124.0,,,sina:159755,,
2021-09-24,159755,,1.301,1.338,1.283,1.306,110629705.0,144886080.0,,,sina:159755,,
2021-09-27,159755,,1.303,1.324,1.248,1.27,133755454.0,171212515.0,,,sina:159755,,
2021-09-28,159755,,1.269,1.277,1.238,1.241,132190552.0,165894640.0,,,sina:159755,,
2021-09-29,159755,,1.235,1.244,1.197,1.203,144746076.0,176250165.0,,,sina:159755,,
2021-09-30,159755,,1.213,1.266,1.21,1.263,147868811.0,184289371.0,,,sina:159755,,
2021-10-08,159755,,1.286,1.295,1.228,1.238,129203302.0,160987655.0,,,sina:159755,,
2021-10-11,159755,,1.233,1.256,1.206,1.238,85244201.0,104952887.0,,,sina:159755,,
2021-10-12,159755,,1.23,1.24,1.19,1.203,113410511.0,137555209.0,,,sina:159755,,
2021-10-13,159755,,1.202,1.252,1.202,1.251,113359537.0,139782540.0,,,sina:159755,,
2021-10-14,159755,,1.247,1.269,1.239,1.259,81789105.0,102908041.0,,,sina:159755,,
2021-10-15,159755,,1.255,1.302,1.242,1.3,133969160.0,172070559.0,,,sina:159755,,
2021-10-18,159755,,1.297,1.333,1.293,1.331,124443172.0,163674342.0,,,sina:159755,,
2021-10-19,159755,,1.337,1.359,1.332,1.339,91644065.0,123182420.0,,,sina:159755,,
2021-10-20,159755,,1.33,1.383,1.328,1.367,183094913.0,250786557.0,,,sina:159755,,
2021-10-21,159755,,1.366,1.37,1.343,1.353,76433722.0,103605855.0,,,sina:159755,,
2021-10-22,159755,,1.355,1.372,1.34,1.344,63515775.0,86010731.0,,,sina:159755,,
2021-10-25,159755,,1.345,1.4,1.345,1.4,155964659.0,215972392.0,,,sina:159755,,
2021-10-26,159755,,1.427,1.439,1.394,1.396,125211579.0,177323135.0,,,sina:159755,,
2021-10-27,159755,,1.39,1.437,1.389,1.421,99230632.0,140686314.0,,,sina:159755,,
2021-10-28,159755,,1.42,1.442,1.383,1.388,103793316.0,146282400.0,,,sina:159755,,
2021-10-29,159755,,1.391,1.41,1.361,1.406,88630896.0,123145452.0,,,sina:159755,,
2021-11-01,159755,,1.399,1.413,1.367,1.38,107149821.0,148700204.0,,,sina:159755,,
2021-11-02,159755,,1.389,1.417,1.371,1.388,91617822.0,127721740.0,,,sina:159755,,
2021-11-03,159755,,1.384,1.384,1.339,1.361,150862507.0,204707384.0,,,sina:159755,,
2021-11-04,159755,,1.369,1.399,1.368,1.384,90530719.0,125521625.0,,,sina:159755,,
2021-11-05,159755,,1.377,1.404,1.36,1.36,96215718.0,132518885.0,,,sina:159755,,
2021-11-08,159755,,1.364,1.431,1.363,1.43,133964899.0,188866866.0,,,sina:159755,,
2021-11-09,159755,,1.431,1.444,1.42,1.436,105335045.0,150902281.0,,,sina:159755,,
2021-11-10,159755,,1.42,1.425,1.375,1.401,145935307.0,203726507.0,,,sina:159755,,
2021-11-11,159755,,1.402,1.417,1.39,1.402,82852036.0,116113004.0,,,sina:159755,,
2021-11-12,159755,,1.4,1.408,1.39,1.404,94397510.0,132121110.0,,,sina:159755,,
2021-11-15,159755,,1.401,1.401,1.345,1.352,187763212.0,255611601.0,,,sina:159755,,
2021-11-16,159755,,1.349,1.36,1.331,1.338,102912304.0,138223829.0,,,sina:159755,,
2021-11-17,159755,,1.345,1.37,1.345,1.364,101074207.0,137352174.0,,,sina:159755,,
2021-11-18,159755,,1.363,1.38,1.342,1.364,90364409.0,122818306.0,,,sina:159755,,
2021-11-19,159755,,1.363,1.379,1.354,1.368,69077003.0,94277025.0,,,sina:159755,,
2021-11-22,159755,,1.375,1.436,1.375,1.435,163839861.0,231696668.0,,,sina:159755,,
2021-11-23,159755,,1.435,1.435,1.412,1.427,79915277.0,113705091.0,,,sina:159755,,
2021-11-24,159755,,1.425,1.44,1.4,1.402,97303366.0,137540079.0,,,sina:159755,,
2021-11-25,159755,,1.399,1.408,1.383,1.396,77774395.0,108386037.0,,,sina:159755,,
2021-11-26,159755,,1.393,1.433,1.388,1.421,112204332.0,159559302.0,,,sina:159755,,
2021-11-29,159755,,1.399,1.461,1.392,1.459,129199839.0,186582309.0,,,sina:159755,,
2021-11-30,159755,,1.463,1.466,1.439,1.45,88076114.0,127889216.0,,,sina:159755,,
2021-12-01,159755,,1.448,1.466,1.423,1.438,92595000.0,133099875.0,,,sina:159755,,
2021-12-02,159755,,1.437,1.457,1.43,1.444,89303068.0,128915798.0,,,sina:159755,,
2021-12-03,159755,,1.444,1.454,1.433,1.447,65882500.0,95053898.0,,,sina:159755,,
2021-12-06,159755,,1.432,1.443,1.402,1.404,133666812.0,189734221.0,,,sina:159755,,
2021-12-07,159755,,1.409,1.414,1.344,1.36,192414697.0,262995947.0,,,sina:159755,,
2021-12-08,159755,,1.368,1.394,1.368,1.391,129540503.0,179248961.0,,,sina:159755,,
2021-12-09,159755,,1.383,1.394,1.379,1.386,91520307.0,126895131.0,,,sina:159755,,
2021-12-10,159755,,1.376,1.41,1.37,1.41,104821211.0,146274192.0,,,sina:159755,,
2021-12-13,159755,,1.409,1.409,1.383,1.4,89745141.0,124993215.0,,,sina:159755,,
2021-12-14,159755,,1.39,1.397,1.369,1.377,116854458.0,160895691.0,,,sina:159755,,
2021-12-15,159755,,1.375,1.389,1.368,1.369,75934300.0,104527984.0,,,sina:159755,,
2021-12-16,159755,,1.378,1.38,1.354,1.365,99427404.0,135298773.0,,,sina:159755,,
2021-12-17,159755,,1.36,1.36,1.328,1.331,150073702.0,201163814.0,,,sina:159755,,
2021-12-20,159755,,1.33,1.331,1.271,1.277,153599804.0,198758737.0,,,sina:159755,,
2021-12-21,159755,,1.277,1.292,1.26,1.285,109291010.0,139246997.0,,,sina:159755,,
2021-12-22,159755,,1.288,1.301,1.285,1.294,82099713.0,106192926.0,,,sina:159755,,
2021-12-23,159755,,1.309,1.314,1.28,1.287,82981040.0,107262478.0,,,sina:159755,,
2021-12-24,159755,,1.293,1.293,1.215,1.228,284861905.0,351595237.0,,,sina:159755,,
2021-12-27,159755,,1.22,1.25,1.22,1.234,117771932.0,145741057.0,,,sina:159755,,
2021-12-28,159755,,1.235,1.268,1.233,1.265,137157471.0,171231313.0,,,sina:159755,,
2021-12-29,159755,,1.265,1.269,1.248,1.254,112832876.0,141820871.0,,,sina:159755,,
2021-12-30,159755,,1.254,1.27,1.251,1.257,66886256.0,84282294.0,,,sina:159755,,
2021-12-31,159755,,1.267,1.276,1.254,1.263,68552315.0,86607375.0,,,sina:159755,,
2022-01-04,159755,,1.29,1.292,1.225,1.229,133217021.0,165651606.0,,,sina:159755,,
2022-01-05,159755,,1.22,1.224,1.173,1.178,163140349.0,194430467.0,,,sina:159755,,
2022-01-06,159755,,1.175,1.181,1.15,1.174,130139714.0,151774512.0,,,sina:159755,,
2022-01-07,159755,,1.174,1.182,1.142,1.152,138094253.0,159902450.0,,,sina:159755,,
2022-01-10,159755,,1.15,1.164,1.135,1.149,113354648.0,130414934.0,,,sina:159755,,
2022-01-11,159755,,1.151,1.169,1.137,1.138,115685201.0,133262013.0,,,sina:159755,,
2022-01-12,159755,,1.166,1.208,1.166,1.201,225182419.0,266579278.0,,,sina:159755,,
2022-01-13,159755,,1.204,1.209,1.17,1.186,141035250.0,167549406.0,,,sina:159755,,
2022-01-14,159755,,1.172,1.207,1.16,1.2,107445526.0,128516508.0,,,sina:159755,,
2022-01-17,159755,,1.193,1.232,1.193,1.227,101897332.0,124276898.0,,,sina:159755,,
2022-01-18,159755,,1.224,1.23,1.211,1.214,97413201.0,118694844.0,,,sina:159755,,
2022-01-19,159755,,1.214,1.219,1.154,1.168,156369804.0,184211963.0,,,sina:159755,,
2022-01-20,159755,,1.158,1.177,1.156,1.162,79468502.0,92776427.0,,,sina:159755,,
2022-01-21,159755,,1.158,1.18,1.141,1.162,95144100.0,110681453.0,,,sina:159755,,
2022-01-24,159755,,1.152,1.196,1.15,1.189,113219611.0,133215391.0,,,sina:159755,,
2022-01-25,159755,,1.176,1.201,1.162,1.162,98527813.0,116641860.0,,,sina:159755,,
2022-01-26,159755,,1.17,1.182,1.156,1.175,110176579.0,129207176.0,,,sina:159755,,
2022-01-27,159755,,1.167,1.18,1.141,1.143,103183044.0,119898584.0,,,sina:159755,,
2022-01-28,159755,,1.153,1.16,1.112,1.129,113559153.0,128766967.0,,,sina:159755,,
2022-02-07,159755,,1.166,1.186,1.144,1.15,111624700.0,129999073.0,,,sina:159755,,
2022-02-08,159755,,1.145,1.147,1.072,1.098,176161356.0,193307556.0,,,sina:159755,,
2022-02-09,159755,,1.096,1.118,1.078,1.114,127165062.0,139909226.0,,,sina:159755,,
2022-02-10,159755,,1.114,1.119,1.067,1.081,165014314.0,178421161.0,,,sina:159755,,
2022-02-11,159755,,1.072,1.096,1.056,1.059,141953403.0,152696467.0,,,sina:159755,,
2022-02-14,159755,,1.052,1.085,1.043,1.069,123707036.0,132449333.0,,,sina:159755,,
2022-02-15,159755,,1.072,1.113,1.072,1.112,167080783.0,183083532.0,,,sina:159755,,
2022-02-16,159755,,1.119,1.134,1.109,1.117,94359686.0,105701652.0,,,sina:159755,,
2022-02-17,159755,,1.108,1.159,1.106,1.146,151206504.0,172053349.0,,,sina:159755,,
2022-02-18,159755,,1.136,1.138,1.122,1.127,80750403.0,91137981.0,,,sina:159755,,
2022-02-21,159755,,1.128,1.134,1.111,1.118,103165700.0,115426788.0,,,sina:159755,,
2022-02-22,159755,,1.112,1.119,1.099,1.117,88715003.0,98377406.0,,,sina:159755,,
2022-02-23,159755,,1.12,1.16,1.115,1.16,127391652.0,146171155.0,,,sina:159755,,
2022-02-24,159755,,1.149,1.164,1.122,1.14,119509951.0,137003575.0,,,sina:159755,,
2022-02-25,159755,,1.155,1.183,1.155,1.167,142594925.0,166709022.0,,,sina:159755,,
2022-02-28,159755,,1.165,1.185,1.163,1.181,101008602.0,118704212.0,,,sina:159755,,
2022-03-01,159755,,1.191,1.199,1.161,1.172,135921512.0,160395436.0,,,sina:159755,,
2022-03-02,159755,,1.16,1.165,1.133,1.145,108564603.0,124201651.0,,,sina:159755,,
2022-03-03,159755,,1.149,1.151,1.117,1.118,107581819.0,121325294.0,,,sina:159755,,
2022-03-04,159755,,1.107,1.115,1.074,1.079,138452301.0,151437308.0,,,sina:159755,,
2022-03-07,159755,,1.075,1.075,1.023,1.028,173620000.0,180904838.0,,,sina:159755,,
2022-03-08,159755,,1.025,1.042,0.98,0.994,183625309.0,185082792.0,,,sina:159755,,
2022-03-09,159755,,1.0,1.0,0.95,0.995,166677566.0,164299611.0,,,sina:159755,,
2022-03-10,159755,,1.035,1.057,1.017,1.043,194225120.0,201789210.0,,,sina:159755,,
2022-03-11,159755,,1.021,1.041,1.003,1.038,131652620.0,134374206.0,,,sina:159755,,
2022-03-14,159755,,1.02,1.023,1.0,1.001,114649013.0,116044692.0,,,sina:159755,,
2022-03-15,159755,,0.983,1.033,0.98,0.992,203567766.0,204524898.0,,,sina:159755,,
2022-03-16,159755,,1.013,1.06,0.989,1.059,218224429.0,222925860.0,,,sina:159755,,
2022-03-17,159755,,1.077,1.108,1.077,1.087,180644332.0,197736651.0,,,sina:159755,,
2022-03-18,159755,,1.08,1.08,1.054,1.077,115302102.0,122811513.0,,,sina:159755,,
2022-03-21,159755,,1.082,1.114,1.072,1.097,126521205.0,139132721.0,,,sina:159755,,
2022-03-22,159755,,1.086,1.108,1.08,1.088,105842400.0,115388900.0,,,sina:159755,,
2022-03-23,159755,,1.099,1.102,1.077,1.085,76352800.0,83180723.0,,,sina:159755,,
2022-03-24,159755,,1.07,1.086,1.055,1.077,106750500.0,114113507.0,,,sina:159755,,
2022-03-25,159755,,1.071,1.081,1.042,1.047,109689500.0,115954740.0,,,sina:159755,,
2022-03-28,159755,,1.037,1.038,1.005,1.014,125016600.0,127299538.0,,,sina:159755,,
2022-03-29,159755,,1.019,1.039,1.015,1.025,103524002.0,106220140.0,,,sina:159755,,
2022-03-30,159755,,1.028,1.07,1.026,1.07,143448706.0,151318280.0,,,sina:159755,,
2022-03-31,159755,,1.068,1.068,1.034,1.041,133252109.0,139046897.0,,,sina:159755,,
2022-04-01,159755,,1.025,1.066,1.025,1.052,112661801.0,118288620.0,,,sina:159755,,
2022-04-06,159755,,1.057,1.059,1.026,1.032,97112014.0,100293438.0,,,sina:159755,,
2022-04-07,159755,,1.025,1.035,1.01,1.018,99905009.0,102135817.0,,,sina:159755,,
2022-04-08,159755,,1.017,1.033,1.003,1.012,96304200.0,97848201.0,,,sina:159755,,
2022-04-11,159755,,0.996,1.0,0.944,0.946,214050601.0,205226104.0,,,sina:159755,,
2022-04-12,159755,,0.94,0.963,0.94,0.962,121244103.0,115341974.0,,,sina:159755,,
2022-04-13,159755,,0.95,0.973,0.944,0.952,104410602.0,99944943.0,,,sina:159755,,
2022-04-14,159755,,0.963,0.968,0.941,0.947,124271401.0,118262567.0,,,sina:159755,,
2022-04-15,159755,,0.934,0.94,0.91,0.93,115203205.0,106325583.0,,,sina:159755,,
2022-04-18,159755,,0.92,0.942,0.905,0.94,95509975.0,88528542.0,,,sina:159755,,
2022-04-19,159755,,0.941,0.962,0.933,0.936,102894301.0,97365745.0,,,sina:159755,,
2022-04-20,159755,,0.936,0.943,0.902,0.906,121535300.0,111142687.0,,,sina:159755,,
2022-04-21,159755,,0.896,0.91,0.868,0.874,153571402.0,136002151.0,,,sina:159755,,
2022-04-22,159755,,0.871,0.881,0.858,0.865,90881100.0,78871170.0,,,sina:159755,,
2022-04-25,159755,,0.839,0.846,0.806,0.806,116996910.0,97004509.0,,,sina:159755,,
2022-04-26,159755,,0.811,0.816,0.789,0.789,109939507.0,88467278.0,,,sina:159755,,
2022-04-27,159755,,0.773,0.857,0.773,0.856,202948916.0,165944204.0,,,sina:159755,,
2022-04-28,159755,,0.844,0.875,0.834,0.855,133774725.0,114608755.0,,,sina:159755,,
2022-04-29,159755,,0.858,0.898,0.848,0.895,129715205.0,112975108.0,,,sina:159755,,
2022-05-05,159755,,0.875,0.902,0.865,0.889,101525999.0,89855437.0,,,sina:159755,,
2022-05-06,159755,,0.866,0.888,0.86,0.872,74478800.0,65099723.0,,,sina:159755,,
2022-05-09,159755,,0.855,0.876,0.855,0.863,69972500.0,60557930.0,,,sina:159755,,
2022-05-10,159755,,0.85,0.89,0.842,0.888,107087119.0,93634765.0,,,sina:159755,,
2022-05-11,159755,,0.882,0.968,0.881,0.947,174338134.0,163465662.0,,,sina:159755,,
2022-05-12,159755,,0.933,0.95,0.924,0.942,73053801.0,68615613.0,,,sina:159755,,
2022-05-13,159755,,0.945,0.961,0.939,0.957,108138401.0,102778078.0,,,sina:159755,,
2022-05-16,159755,,0.963,0.98,0.949,0.953,83955800.0,80967125.0,,,sina:159755,,
2022-05-17,159755,,0.952,0.999,0.952,0.993,107701701.0,105521296.0,,,sina:159755,,
2022-05-18,159755,,0.993,1.005,0.987,0.994,83761403.0,83445559.0,,,sina:159755,,
2022-05-19,159755,,0.98,1.007,0.977,1.006,94788802.0,94235339.0,,,sina:159755,,
2022-05-20,159755,,1.017,1.03,1.0,1.021,103891452.0,105794507.0,,,sina:159755,,
2022-05-23,159755,,1.022,1.028,1.003,1.02,72592035.0,73749522.0,,,sina:159755,,
2022-05-24,159755,,1.02,1.02,0.977,0.978,91028636.0,90801846.0,,,sina:159755,,
2022-05-25,159755,,0.97,0.99,0.961,0.977,79725110.0,77737754.0,,,sina:159755,,
2022-05-26,159755,,0.985,0.995,0.96,0.976,79453700.0,77745863.0,,,sina:159755,,
2022-05-27,159755,,0.982,1.01,0.972,0.982,94121903.0,93560855.0,,,sina:159755,,
2022-05-30,159755,,0.986,1.001,0.985,0.999,103905200.0,103399868.0,,,sina:159755,,
2022-05-31,159755,,0.999,1.014,0.983,1.011,148055513.0,148445207.0,,,sina:159755,,
2022-06-01,159755,,1.011,1.042,0.998,1.036,163837000.0,167835316.0,,,sina:159755,,
2022-06-02,159755,,1.026,1.066,1.024,1.057,109898406.0,116208216.0,,,sina:159755,,
2022-06-06,159755,,1.055,1.127,1.055,1.119,139670103.0,154268725.0,,,sina:159755,,
2022-06-07,159755,,1.12,1.124,1.098,1.112,95064706.0,105452287.0,,,sina:159755,,
2022-06-08,159755,,1.114,1.133,1.091,1.129,160546703.0,179460585.0,,,sina:159755,,
2022-06-09,159755,,1.122,1.126,1.095,1.101,111511802.0,123926105.0,,,sina:159755,,
2022-06-10,159755,,1.096,1.152,1.09,1.151,124774025.0,140857369.0,,,sina:159755,,
2022-06-13,159755,,1.138,1.186,1.136,1.173,144530932.0,168505398.0,,,sina:159755,,
2022-06-14,159755,,1.162,1.174,1.129,1.171,167134031.0,191967481.0,,,sina:159755,,
2022-06-15,159755,,1.175,1.192,1.147,1.157,155365703.0,181647296.0,,,sina:159755,,
2022-06-16,159755,,1.164,1.182,1.157,1.169,138565202.0,162150636.0,,,sina:159755,,
2022-06-17,159755,,1.155,1.225,1.152,1.224,214723018.0,259349971.0,,,sina:159755,,
2022-06-20,159755,,1.234,1.263,1.23,1.243,162130304.0,202225711.0,,,sina:159755,,
2022-06-21,159755,,1.243,1.243,1.209,1.222,148212404.0,181468319.0,,,sina:159755,,
2022-06-22,159755,,1.227,1.256,1.225,1.23,141275202.0,175592453.0,,,sina:159755,,
2022-06-23,159755,,1.238,1.28,1.227,1.279,154757908.0,194505556.0,,,sina:159755,,
2022-06-24,159755,,1.285,1.297,1.262,1.292,199265156.0,255732896.0,,,sina:159755,,
2022-06-27,159755,,1.296,1.314,1.284,1.297,136672412.0,177673788.0,,,sina:159755,,
2022-06-28,159755,电池ETF,1.296,1.314,1.28,1.308,171045400.0,222273497.3,,,,,
2022-06-29,159755,电池ETF,1.3,1.303,1.25,1.252,149385800.0,190653627.25000003,,,,,
2022-06-30,159755,电池ETF,1.249,1.276,1.244,1.262,102731400.0,129210418.35,,,,,
2022-07-01,159755,电池ETF,1.255,1.267,1.242,1.253,175009100.0,219505163.67499998,,,,,
2022-07-04,159755,电池ETF,1.235,1.281,1.231,1.278,144424800.0,181433654.99999997,,,,,
2022-07-05,159755,电池ETF,1.282,1.313,1.263,1.287,139105700.0,178924706.625,,,,,
2022-07-06,159755,电池ETF,1.287,1.301,1.261,1.277,141765700.0,181672744.55,,,,,
2022-07-07,159755,电池ETF,1.281,1.32,1.275,1.32,184100000.0,239145900.0,,,,,
2022-07-08,159755,电池ETF,1.329,1.333,1.278,1.28,170427800.0,222408279.00000003,,,,,
2022-07-11,159755,电池ETF,1.27,1.276,1.213,1.229,168354700.0,209938310.9,,,,,
2022-07-12,159755,电池ETF,1.227,1.239,1.185,1.198,165398900.0,200504816.525,,,,,
2022-07-13,159755,电池ETF,1.199,1.24,1.174,1.229,156576000.0,189535248.00000003,,,,,
2022-07-14,159755,电池ETF,1.216,1.281,1.213,1.275,166150400.0,207064935.99999997,,,,,
2022-07-15,159755,电池ETF,1.275,1.299,1.257,1.258,128317100.0,163251430.475,,,,,
2022-07-18,159755,电池ETF,1.263,1.28,1.236,1.273,89248800.0,112721234.39999999,,,,,
2022-07-19,159755,电池ETF,1.271,1.276,1.242,1.249,88621600.0,111618905.2,,,,,
2022-07-20,159755,电池ETF,1.251,1.263,1.24,1.246,73642200.0,92052750.0,,,,,
2022-07-21,159755,电池ETF,1.249,1.255,1.221,1.222,116027700.0,143497257.975,,,,,
2022-07-22,159755,电池ETF,1.236,1.247,1.211,1.225,94823700.0,116609445.07500002,,,,,
2022-07-25,159755,电池ETF,1.223,1.226,1.203,1.207,87784600.0,106636342.85,,,,,
2022-07-26,159755,电池ETF,1.206,1.236,1.2,1.219,101957700.0,123904094.925,,,,,
2022-07-27,159755,电池ETF,1.219,1.23,1.202,1.222,80250600.0,97765293.44999999,,,,,
2022-07-28,159755,电池ETF,1.236,1.238,1.201,1.205,102234500.0,124726090.0,,,,,
2022-07-29,159755,电池ETF,1.207,1.215,1.184,1.19,105294500.0,126248105.5,,,,,
2022-08-01,159755,电池ETF,1.181,1.24,1.18,1.237,228943200.0,276906800.4,,,,,
2022-08-02,159755,电池ETF,1.22,1.234,1.2,1.212,184108500.0,223967990.24999997,,,,,
2022-08-03,159755,电池ETF,1.209,1.234,1.168,1.172,287430200.0,343694661.65000004,,,,,
2022-08-04,159755,电池ETF,1.183,1.194,1.159,1.178,115020600.0,135551777.1,,,,,
2022-08-05,159755,电池ETF,1.177,1.198,1.164,1.186,117969000.0,139350881.25,,,,,
2022-08-08,159755,电池ETF,1.18,1.191,1.164,1.191,103925300.0,122787741.95,,,,,
2022-08-09,159755,电池ETF,1.186,1.21,1.182,1.202,107020300.0,127889258.49999999,,,,,
2022-08-10,159755,电池ETF,1.197,1.209,1.167,1.169,116482800.0,138090359.4,,,,,
2022-08-11,159755,电池ETF,1.177,1.198,1.155,1.196,145927500.0,172413341.25,,,,,
2022-08-12,159755,电池ETF,1.19,1.2,1.179,1.179,78097500.0,92701732.5,,,,,
2022-08-15,159755,电池ETF,1.177,1.226,1.176,1.208,158614400.0,189821783.2,,,,,
2022-08-16,159755,电池ETF,1.206,1.227,1.206,1.212,217952700.0,264322136.92500004,,,,,
2022-08-17,159755,电池ETF,1.213,1.228,1.189,1.224,159644700.0,193728843.45000002,,,,,
2022-08-18,159755,电池ETF,1.223,1.244,1.216,1.222,203949100.0,250092583.875,,,,,
2022-08-19,159755,电池ETF,1.216,1.219,1.182,1.183,130264500.0,156317400.00000003,,,,,
2022-08-22,159755,电池ETF,1.18,1.223,1.169,1.223,192224200.0,230428759.75,,,,,
2022-08-23,159755,电池ETF,1.218,1.232,1.209,1.222,110642400.0,135011388.6,,,,,
2022-08-24,159755,电池ETF,1.237,1.242,1.166,1.168,240514500.0,289399072.12500006,,,,,
2022-08-25,159755,电池ETF,1.168,1.188,1.135,1.148,156427700.0,181417025.075,,,,,
2022-08-26,159755,电池ETF,1.15,1.164,1.14,1.146,126750600.0,145763190.0,,,,,
2022-08-29,159755,电池ETF,1.129,1.139,1.122,1.132,97396600.0,110106856.30000001,,,,,
2022-08-30,159755,电池ETF,1.134,1.138,1.117,1.124,94263200.0,106352455.39999999,,,,,
2022-08-31,159755,电池ETF,1.1,1.114,1.068,1.074,158182800.0,172261069.2,,,,,
2022-09-01,159755,电池ETF,1.073,1.089,1.061,1.063,102841200.0,110194345.79999998,,,,,
2022-09-02,159755,电池ETF,1.067,1.073,1.047,1.055,106230600.0,112657551.3,,,,,
2022-09-05,159755,电池ETF,1.045,1.057,1.037,1.05,115452400.0,120907525.9,,,,,
2022-09-06,159755,电池ETF,1.054,1.062,1.028,1.059,134551800.0,141380303.85,,,,,
2022-09-07,159755,电池ETF,1.054,1.095,1.05,1.086,236427900.0,253273387.875,,,,,
2022-09-08,159755,电池ETF,1.084,1.084,1.053,1.054,172107400.0,183939783.75000003,,,,,
2022-09-09,159755,电池ETF,1.055,1.069,1.05,1.068,118017100.0,125157134.55,,,,,
2022-09-13,159755,电池ETF,1.077,1.084,1.059,1.074,83207400.0,89323143.89999999,,,,,
2022-09-14,159755,电池ETF,1.058,1.062,1.036,1.044,107656600.0,113039430.00000003,,,,,
2022-09-15,159755,电池ETF,1.048,1.048,0.99,0.997,149733900.0,152840878.425,,,,,
2022-09-16,159755,电池ETF,0.99,0.999,0.976,0.977,103972600.0,102464997.3,,,,,
2022-09-19,159755,电池ETF,0.978,1.006,0.968,0.989,116174000.0,114460433.5,,,,,
2022-09-20,159755,电池ETF,0.997,1.028,0.997,1.011,156843400.0,158137358.05,,,,,
2022-09-21,159755,电池ETF,1.001,1.013,0.993,1.008,112743800.0,113166589.24999999,,,,,
2022-09-22,159755,电池ETF,0.995,1.013,0.986,1.0,83157600.0,83032863.6,,,,,
2022-09-23,159755,电池ETF,0.995,1.01,0.979,0.995,117952600.0,117333348.85000001,,,,,
2022-09-26,159755,电池ETF,0.989,1.025,0.985,1.013,134194200.0,134596782.6,,,,,
2022-09-27,159755,电池ETF,1.014,1.018,0.991,1.01,121090700.0,122089698.27499999,,,,,
2022-09-28,159755,电池ETF,1.007,1.007,0.964,0.966,140938400.0,138965262.39999998,,,,,
2022-09-29,159755,电池ETF,0.973,0.984,0.967,0.972,98005600.0,95457454.39999999,,,,,
2022-09-30,159755,电池ETF,0.968,0.971,0.935,0.936,109285400.0,104094343.5,,,,,
2022-10-10,159755,电池ETF,0.936,0.938,0.91,0.911,112952700.0,104340056.62500001,,,,,
2022-10-11,159755,电池ETF,0.916,0.951,0.916,0.945,159506700.0,148660244.39999998,,,,,
2022-10-12,159755,电池ETF,0.94,0.979,0.923,0.977,258035600.0,246359489.1,,,,,
2022-10-13,159755,电池ETF,0.97,0.984,0.963,0.965,104812400.0,101720434.2,,,,,
2022-10-14,159755,电池ETF,0.981,0.992,0.957,0.984,135824000.0,132903783.99999999,,,,,
2022-10-17,159755,电池ETF,0.979,0.979,0.958,0.973,108823600.0,105803745.10000001,,,,,
2022-10-18,159755,电池ETF,0.991,0.996,0.977,0.983,145081500.0,143159170.125,,,,,
2022-10-19,159755,电池ETF,0.983,1.012,0.979,0.987,145681700.0,144261303.425,,,,,
2022-10-20,159755,电池ETF,0.977,0.977,0.942,0.957,160099300.0,154215650.725,,,,,
2022-10-21,159755,电池ETF,0.953,0.966,0.948,0.952,121689100.0,116182668.22499998,,,,,
2022-10-24,159755,电池ETF,0.955,0.968,0.926,0.933,115485300.0,109191351.15,,,,,
2022-10-25,159755,电池ETF,0.927,0.953,0.914,0.942,115166800.0,107565791.2,,,,,
2022-10-26,159755,电池ETF,0.944,0.96,0.933,0.945,117988000.0,111557654.0,,,,,
2022-10-27,159755,电池ETF,0.949,0.964,0.931,0.931,127344700.0,120181560.625,,,,,
2022-10-28,159755,电池ETF,0.924,0.925,0.871,0.875,226847100.0,203878831.125,,,,,
2022-10-31,159755,电池ETF,0.87,0.899,0.867,0.882,124205400.0,109238649.3,,,,,
2022-11-01,159755,电池ETF,0.889,0.929,0.882,0.928,180676600.0,163873676.20000002,,,,,
2022-11-02,159755,电池ETF,0.92,0.956,0.917,0.952,170819000.0,159929288.75,,,,,
2022-11-03,159755,电池ETF,0.943,0.959,0.936,0.947,121766000.0,115221077.49999999,,,,,
2022-11-04,159755,电池ETF,0.948,1.006,0.948,1.0,179214100.0,174823354.54999998,,,,,
2022-11-07,159755,电池ETF,0.998,1.019,0.995,1.008,193776100.0,194744980.50000003,,,,,
2022-11-08,159755,电池ETF,1.008,1.03,0.996,1.008,151965700.0,153561339.85,,,,,
2022-11-09,159755,电池ETF,1.01,1.013,0.986,0.986,126873200.0,126714608.5,,,,,
2022-11-10,159755,电池ETF,0.976,0.984,0.952,0.958,172649500.0,167038391.25,,,,,
2022-11-11,159755,电池ETF,0.989,0.998,0.971,0.981,157064600.0,154669364.85,,,,,
2022-11-14,159755,电池ETF,0.979,0.994,0.949,0.953,174118800.0,168677587.5,,,,,
2022-11-15,159755,电池ETF,0.949,0.976,0.941,0.975,155786800.0,149594274.7,,,,,
2022-11-16,159755,电池ETF,0.974,0.976,0.949,0.953,130271300.0,125451261.89999999,,,,,
2022-11-17,159755,电池ETF,0.941,0.946,0.918,0.931,157809500.0,147394073.0,,,,,
2022-11-18,159755,电池ETF,0.932,0.94,0.917,0.923,134239300.0,124574070.39999999,,,,,
2022-11-21,159755,电池ETF,0.918,0.937,0.911,0.934,117182700.0,108393997.5,,,,,
2022-11-22,159755,电池ETF,0.92,0.928,0.904,0.905,180255700.0,164798773.725,,,,,
2022-11-23,159755,电池ETF,0.904,0.921,0.898,0.917,130582700.0,118830257.0,,,,,
2022-11-24,159755,电池ETF,0.918,0.932,0.911,0.92,129300600.0,118988877.15,,,,,
2022-11-25,159755,电池ETF,0.916,0.916,0.899,0.899,129884100.0,117869820.75,,,,,
2022-11-28,159755,电池ETF,0.885,0.896,0.875,0.895,122890200.0,109095775.05000001,,,,,
2022-11-29,159755,电池ETF,0.895,0.906,0.885,0.901,152393800.0,136659140.14999998,,,,,
2022-11-30,159755,电池ETF,0.9,0.922,0.897,0.915,172050900.0,156308242.65,,,,,
2022-12-01,159755,电池ETF,0.936,0.95,0.932,0.937,286227700.0,268696253.375,,,,,
2022-12-02,159755,电池ETF,0.933,0.944,0.93,0.933,96983100.0,90679198.5,,,,,
2022-12-05,159755,电池ETF,0.939,0.942,0.923,0.932,147859800.0,138101053.2,,,,,
2022-12-06,159755,电池ETF,0.926,0.955,0.919,0.945,170474400.0,159606657.0,,,,,
2022-12-07,159755,电池ETF,0.939,0.985,0.938,0.973,249969200.0,239657970.5,,,,,
2022-12-08,159755,电池ETF,0.97,0.98,0.96,0.971,120805900.0,117211924.475,,,,,
2022-12-09,159755,电池ETF,0.972,0.976,0.963,0.971,94701000.0,91907320.5,,,,,
2022-12-12,159755,电池ETF,0.969,0.971,0.953,0.954,86430500.0,83124533.375,,,,,
2022-12-13,159755,电池ETF,0.952,0.962,0.94,0.941,88392500.0,83862384.37499999,,,,,
2022-12-14,159755,电池ETF,0.938,0.947,0.929,0.933,82280900.0,77076633.075,,,,,
2022-12-15,159755,电池ETF,0.934,0.961,0.926,0.961,155790300.0,147299728.65,,,,,
2022-12-16,159755,电池ETF,0.946,0.956,0.932,0.936,123417400.0,116320899.5,,,,,
2022-12-19,159755,电池ETF,0.936,0.967,0.935,0.942,181536100.0,171551614.5,,,,,
2022-12-20,159755,电池ETF,0.936,0.94,0.917,0.92,170747600.0,158496459.70000002,,,,,
2022-12-21,159755,电池ETF,0.924,0.928,0.911,0.917,77908000.0,71675360.0,,,,,
2022-12-22,159755,电池ETF,0.923,0.923,0.896,0.899,101436100.0,92332210.025,,,,,
2022-12-23,159755,电池ETF,0.892,0.898,0.878,0.885,107371100.0,95372379.575,,,,,
2022-12-26,159755,电池ETF,0.885,0.918,0.884,0.916,132774100.0,119596270.575,,,,,
2022-12-27,159755,电池ETF,0.919,0.921,0.904,0.918,98627300.0,90293293.14999999,,,,,
2022-12-28,159755,电池ETF,0.908,0.908,0.883,0.896,136388600.0,122579254.25,,,,,
2022-12-29,159755,电池ETF,0.89,0.908,0.888,0.896,94155900.0,84316608.45,,,,,
2022-12-30,159755,电池ETF,0.905,0.909,0.886,0.886,120677700.0,108187558.05000001,,,,,
2023-01-03,159755,电池ETF,0.886,0.894,0.867,0.893,130833800.0,115787913.0,,,,,
2023-01-04,159755,电池ETF,0.885,0.887,0.869,0.875,158380000.0,139216020.0,,,,,
2023-01-05,159755,电池ETF,0.879,0.914,0.876,0.911,289816200.0,259385499.0,,,,,
2023-01-06,159755,电池ETF,0.904,0.94,0.902,0.926,339146900.0,311336854.2,,,,,
2023-01-09,159755,电池ETF,0.932,0.943,0.926,0.932,163879600.0,152940636.70000002,,,,,
2023-01-10,159755,电池ETF,0.932,0.952,0.915,0.944,437369400.0,409268416.05,,,,,
2023-01-11,159755,电池ETF,0.938,0.947,0.931,0.932,159479800.0,149432572.6,,,,,
2023-01-12,159755,电池ETF,0.936,0.965,0.936,0.952,229268500.0,217174586.62499997,,,,,
2023-01-13,159755,电池ETF,0.96,0.971,0.942,0.955,177707200.0,170065790.4,,,,,
2023-01-16,159755,电池ETF,0.953,0.961,0.941,0.954,184261200.0,175462727.7,,,,,
2023-01-17,159755,电池ETF,0.952,0.964,0.95,0.955,209377200.0,200007570.29999998,,,,,
2023-01-18,159755,电池ETF,0.957,0.97,0.953,0.959,162409000.0,155872037.75,,,,,
2023-01-19,159755,电池ETF,0.959,0.961,0.949,0.957,113139300.0,108217740.44999999,,,,,
2023-01-20,159755,电池ETF,0.962,0.97,0.953,0.967,160088700.0,154165418.1,,,,,
2023-01-30,159755,电池ETF,1.008,1.023,0.996,0.997,312146000.0,314018875.99999994,,,,,
2023-01-31,159755,电池ETF,0.999,1.008,0.992,0.996,126280100.0,126122249.875,,,,,
2023-02-01,159755,电池ETF,1.002,1.025,1.002,1.02,192637900.0,194997714.275,,,,,
2023-02-02,159755,电池ETF,1.027,1.028,1.009,1.015,139121800.0,141869455.54999998,,,,,
2023-02-03,159755,电池ETF,1.008,1.016,0.983,0.995,257936100.0,258065068.04999998,,,,,
2023-02-06,159755,电池ETF,0.988,0.989,0.97,0.978,138335900.0,135742101.875,,,,,
2023-02-07,159755,电池ETF,0.975,0.985,0.972,0.981,157188500.0,153769650.125,,,,,
2023-02-08,159755,电池ETF,0.983,0.989,0.974,0.978,126490900.0,124087572.89999999,,,,,
2023-02-09,159755,电池ETF,0.976,0.987,0.969,0.986,140925100.0,138036135.45,,,,,
2023-02-10,159755,电池ETF,0.982,0.986,0.964,0.969,145410500.0,141811590.125,,,,,
2023-02-13,159755,电池ETF,0.965,0.98,0.962,0.975,106765900.0,103616305.94999999,,,,,
2023-02-14,159755,电池ETF,0.977,0.982,0.961,0.968,141234000.0,137279447.99999997,,,,,
2023-02-15,159755,电池ETF,0.971,0.976,0.958,0.958,109339700.0,105594815.27499999,,,,,
2023-02-16,159755,电池ETF,0.959,0.967,0.935,0.942,183932400.0,174873729.3,,,,,
2023-02-17,159755,电池ETF,0.942,0.947,0.921,0.922,151479100.0,141330000.3,,,,,
2023-02-20,159755,电池ETF,0.918,0.921,0.901,0.921,201245800.0,184190218.45,,,,,
2023-02-21,159755,电池ETF,0.921,0.928,0.914,0.922,164348800.0,151406332.0,,,,,
2023-02-22,159755,电池ETF,0.915,0.918,0.908,0.911,137706400.0,125725943.2,,,,,
2023-02-23,159755,电池ETF,0.912,0.919,0.91,0.916,171903200.0,157162500.6,,,,,
2023-02-24,159755,电池ETF,0.92,0.92,0.9,0.904,158763700.0,144633730.70000002,,,,,
2023-02-27,159755,电池ETF,0.899,0.903,0.891,0.895,142027700.0,127398846.9,,,,,
2023-02-28,159755,电池ETF,0.898,0.901,0.889,0.899,181383700.0,162655832.97500002,,,,,
2023-03-01,159755,电池ETF,0.9,0.905,0.892,0.904,192048200.0,172891392.05,,,,,
2023-03-02,159755,电池ETF,0.904,0.905,0.885,0.886,347049000.0,310608855.0,,,,,
2023-03-03,159755,电池ETF,0.889,0.892,0.882,0.887,156915100.0,139262151.25,,,,,
2023-03-06,159755,电池ETF,0.889,0.892,0.87,0.892,304711500.0,269898211.125,,,,,
2023-03-07,159755,电池ETF,0.888,0.891,0.877,0.878,206236500.0,182209947.75,,,,,
2023-03-08,159755,电池ETF,0.874,0.879,0.868,0.871,184263900.0,160862384.7,,,,,
2023-03-09,159755,电池ETF,0.872,0.879,0.867,0.872,151875300.0,132511199.25000001,,,,,
2023-03-10,159755,电池ETF,0.869,0.87,0.853,0.859,198248000.0,171038461.99999997,,,,,
2023-03-13,159755,电池ETF,0.854,0.858,0.84,0.844,289743200.0,245991976.79999998,,,,,
2023-03-14,159755,电池ETF,0.844,0.846,0.821,0.841,257379000.0,215683602.00000003,,,,,
2023-03-15,159755,电池ETF,0.842,0.855,0.837,0.837,174374800.0,146954362.7,,,,,
2023-03-16,159755,电池ETF,0.832,0.838,0.818,0.818,214854600.0,177577326.9,,,,,
2023-03-17,159755,电池ETF,0.825,0.828,0.814,0.816,213073400.0,174879993.04999998,,,,,
2023-03-20,159755,电池ETF,0.816,0.829,0.805,0.819,214087400.0,174962927.64999998,,,,,
2023-03-21,159755,电池ETF,0.822,0.843,0.817,0.842,304530500.0,253064845.5,,,,,
2023-03-22,159755,电池ETF,0.846,0.864,0.846,0.85,353477200.0,300985835.8,,,,,
2023-03-23,159755,电池ETF,0.845,0.854,0.84,0.848,231270200.0,195828041.85,,,,,
2023-03-24,159755,电池ETF,0.849,0.856,0.84,0.848,213285300.0,180919255.725,,,,,
2023-03-27,159755,电池ETF,0.847,0.855,0.84,0.851,195160700.0,165545063.77499998,,,,,
2023-03-28,159755,电池ETF,0.849,0.852,0.842,0.845,120394300.0,101973972.1,,,,,
2023-03-29,159755,电池ETF,0.848,0.862,0.846,0.851,249333700.0,212369978.975,,,,,
2023-03-30,159755,电池ETF,0.853,0.857,0.845,0.857,170899800.0,145777529.4,,,,,
2023-03-31,159755,电池ETF,0.861,0.875,0.859,0.863,347015100.0,299994553.95,,,,,
2023-04-03,159755,电池ETF,0.863,0.869,0.853,0.862,419748700.0,361718442.225,,,,,
2023-04-04,159755,电池ETF,0.858,0.859,0.832,0.84,520595700.0,441074706.825,,,,,
2023-04-06,159755,电池ETF,0.835,0.841,0.827,0.839,257863100.0,215444620.04999998,,,,,
2023-04-07,159755,电池ETF,0.839,0.849,0.836,0.841,169340100.0,142457359.125,,,,,
2023-04-10,159755,电池ETF,0.847,0.864,0.841,0.864,484272500.0,413568714.99999994,,,,,
2023-04-11,159755,电池ETF,0.864,0.871,0.856,0.863,271380400.0,234336975.39999998,,,,,
2023-04-12,159755,电池ETF,0.864,0.864,0.843,0.847,281577400.0,240607888.29999998,,,,,
2023-04-13,159755,电池ETF,0.843,0.846,0.834,0.839,177355900.0,149067633.95000002,,,,,
2023-04-14,159755,电池ETF,0.84,0.87,0.839,0.86,477184500.0,406680490.125,,,,,
2023-04-17,159755,电池ETF,0.858,0.875,0.857,0.868,425558600.0,367895409.70000005,,,,,
2023-04-18,159755,电池ETF,0.869,0.885,0.867,0.872,365644600.0,319299146.95000005,,,,,
2023-04-19,159755,电池ETF,0.872,0.875,0.861,0.864,247557200.0,214879649.59999996,,,,,
2023-04-20,159755,电池ETF,0.866,0.866,0.837,0.841,328493000.0,280040282.5,,,,,
2023-04-21,159755,电池ETF,0.843,0.855,0.828,0.828,290604200.0,243671621.7,,,,,
2023-04-24,159755,电池ETF,0.828,0.837,0.818,0.824,338271000.0,279665549.25,,,,,
2023-04-25,159755,电池ETF,0.824,0.824,0.779,0.784,769476400.0,617697180.1,,,,,
2023-04-26,159755,电池ETF,0.784,0.834,0.778,0.823,836027500.0,672793130.625,,,,,
2023-04-27,159755,电池ETF,0.822,0.84,0.819,0.834,670690900.0,555835083.375,,,,,
2023-04-28,159755,电池ETF,0.838,0.843,0.824,0.831,626171400.0,522226947.59999996,,,,,
2023-05-04,159755,电池ETF,0.826,0.839,0.821,0.824,232523000.0,192412782.49999997,,,,,
2023-05-05,159755,电池ETF,0.824,0.824,0.806,0.812,337921200.0,275912659.8,,,,,
2023-05-08,159755,电池ETF,0.817,0.829,0.812,0.821,386297300.0,316667211.675,,,,,
2023-05-09,159755,电池ETF,0.821,0.824,0.804,0.804,415481100.0,337890004.575,,,,,
2023-05-10,159755,电池ETF,0.806,0.838,0.8,0.831,915340200.0,749434788.7500001,,,,,
2023-05-11,159755,电池ETF,0.828,0.858,0.826,0.848,803540700.0,674974188.0,,,,,
2023-05-12,159755,电池ETF,0.848,0.858,0.835,0.836,390632200.0,329791234.84999996,,,,,
2023-05-15,159755,电池ETF,0.838,0.866,0.838,0.864,727628500.0,619575667.75,,,,,
2023-05-16,159755,电池ETF,0.866,0.866,0.856,0.859,486213500.0,418994483.625,,,,,
2023-05-17,159755,电池ETF,0.863,0.868,0.848,0.855,400499000.0,343828391.5,,,,,
2023-05-18,159755,电池ETF,0.856,0.858,0.835,0.843,377687000.0,320278576.0,,,,,
2023-05-19,159755,电池ETF,0.84,0.847,0.835,0.84,238266600.0,200263077.3,,,,,
2023-05-22,159755,电池ETF,0.838,0.848,0.832,0.843,307220900.0,258142361.225,,,,,
2023-05-23,159755,电池ETF,0.845,0.849,0.832,0.832,283961500.0,238385679.24999997,,,,,
2023-05-24,159755,电池ETF,0.83,0.84,0.826,0.827,223239800.0,185456463.85,,,,,
2023-05-25,159755,电池ETF,0.825,0.833,0.82,0.823,230793600.0,190462418.39999998,,,,,
2023-05-26,159755,电池ETF,0.824,0.825,0.799,0.81,260214300.0,211944547.34999996,,,,,
2023-05-29,159755,电池ETF,0.81,0.813,0.791,0.796,281279400.0,225726718.5,,,,,
2023-05-30,159755,电池ETF,0.793,0.81,0.793,0.806,306001300.0,244954040.65000004,,,,,
2023-05-31,159755,电池ETF,0.806,0.808,0.793,0.8,186613600.0,149617453.8,,,,,
2023-06-01,159755,电池ETF,0.8,0.813,0.794,0.801,231010700.0,185270581.39999998,,,,,
2023-06-02,159755,电池ETF,0.805,0.825,0.805,0.823,391381600.0,318780313.20000005,,,,,
2023-06-05,159755,电池ETF,0.819,0.822,0.801,0.812,223726700.0,182001670.45,,,,,
2023-06-06,159755,电池ETF,0.811,0.813,0.8,0.803,224155000.0,180837046.25000003,,,,,
2023-06-07,159755,电池ETF,0.804,0.804,0.781,0.784,297518500.0,236006550.12500003,,,,,
2023-06-08,159755,电池ETF,0.784,0.794,0.78,0.78,286011000.0,224375629.5,,,,,
2023-06-09,159755,电池ETF,0.783,0.796,0.781,0.785,264100600.0,207649096.75,,,,,
2023-06-12,159755,电池ETF,0.783,0.796,0.779,0.791,211902900.0,166820558.025,,,,,
2023-06-13,159755,电池ETF,0.791,0.794,0.785,0.791,109501400.0,86533481.35000001,,,,,
2023-06-14,159755,电池ETF,0.794,0.796,0.782,0.782,265605000.0,209429542.5,,,,,
2023-06-15,159755,电池ETF,0.784,0.825,0.784,0.824,502870200.0,404433358.34999996,,,,,
2023-06-16,159755,电池ETF,0.827,0.831,0.82,0.824,388057700.0,320341631.34999996,,,,,
2023-06-19,159755,电池ETF,0.825,0.83,0.815,0.818,188913500.0,155286897.0,,,,,
2023-06-20,159755,电池ETF,0.819,0.827,0.811,0.818,205564900.0,168306261.875,,,,,
2023-06-21,159755,电池ETF,0.816,0.828,0.806,0.808,204576800.0,166627803.6,,,,,
2023-06-26,159755,电池ETF,0.798,0.816,0.793,0.806,185296900.0,148839734.925,,,,,
2023-06-27,159755,电池ETF,0.805,0.809,0.795,0.804,143394700.0,115181792.775,,,,,
2023-06-28,159755,电池ETF,0.805,0.81,0.798,0.807,124233500.0,100007967.5,,,,,
2023-06-29,159755,电池ETF,0.805,0.85,0.8,0.8,176182100.0,143368183.875,,,,,
2023-06-30,159755,电池ETF,0.8,0.825,0.798,0.82,330751000.0,268156373.25000003,,,,,
2023-07-03,159755,电池ETF,0.822,0.835,0.821,0.827,344726000.0,284829857.5,,,,,
2023-07-04,159755,电池ETF,0.828,0.832,0.821,0.829,221926400.0,183644095.99999997,,,,,
2023-07-05,159755,电池ETF,0.829,0.831,0.82,0.822,251417700.0,207545311.34999996,,,,,
2023-07-06,159755,电池ETF,0.82,0.821,0.81,0.813,203822400.0,166319078.39999998,,,,,
2023-07-07,159755,电池ETF,0.81,0.812,0.802,0.803,125907300.0,101575714.27499999,,,,,
2023-07-10,159755,电池ETF,0.806,0.825,0.806,0.817,240062300.0,195290681.05,,,,,
2023-07-11,159755,电池ETF,0.818,0.826,0.811,0.824,258419400.0,211839303.15,,,,,
2023-07-12,159755,电池ETF,0.824,0.828,0.817,0.819,173399700.0,142534553.39999998,,,,,
2023-07-13,159755,电池ETF,0.823,0.833,0.821,0.825,306178500.0,252750351.74999997,,,,,
2023-07-14,159755,电池ETF,0.826,0.826,0.813,0.814,147897900.0,121239303.52499999,,,,,
2023-07-17,159755,电池ETF,0.812,0.814,0.8,0.805,254011200.0,205177546.79999998,,,,,
2023-07-18,159755,电池ETF,0.805,0.81,0.798,0.806,133642100.0,107548479.97500001,,,,,
2023-07-19,159755,电池ETF,0.803,0.805,0.792,0.797,245201900.0,195977618.57500002,,,,,
2023-07-20,159755,电池ETF,0.799,0.81,0.795,0.797,229182900.0,183403615.725,,,,,
2023-07-21,159755,电池ETF,0.793,0.8,0.787,0.794,212235300.0,168408710.55,,,,,
2023-07-24,159755,电池ETF,0.792,0.792,0.777,0.778,272975900.0,214217837.525,,,,,
2023-07-25,159755,电池ETF,0.786,0.8,0.786,0.798,335510000.0,265891675.00000003,,,,,
2023-07-26,159755,电池ETF,0.798,0.8,0.794,0.796,163388100.0,130220315.7,,,,,
2023-07-27,159755,电池ETF,0.802,0.807,0.796,0.797,223135200.0,178619727.6,,,,,
2023-07-28,159755,电池ETF,0.794,0.807,0.789,0.805,221157800.0,176649792.75000003,,,,,
2023-07-31,159755,电池ETF,0.809,0.829,0.808,0.821,340358400.0,277987723.1999999,,,,,
2023-08-01,159755,电池ETF,0.821,0.822,0.811,0.814,202863100.0,165739152.7,,,,,
2023-08-02,159755,电池ETF,0.815,0.823,0.812,0.816,138190900.0,112832869.85,,,,,
2023-08-03,159755,电池ETF,0.813,0.819,0.811,0.819,122447700.0,99856099.35,,,,,
2023-08-04,159755,电池ETF,0.825,0.833,0.818,0.826,206544000.0,170502072.0,,,,,
2023-08-07,159755,电池ETF,0.826,0.829,0.82,0.822,204016400.0,168160517.7,,,,,
2023-08-08,159755,电池ETF,0.822,0.824,0.816,0.82,185712100.0,152376778.04999998,,,,,
2023-08-09,159755,电池ETF,0.819,0.821,0.813,0.818,207554300.0,169727528.825,,,,,
2023-08-10,159755,电池ETF,0.819,0.827,0.814,0.821,153638800.0,126022225.69999999,,,,,
2023-08-11,159755,电池ETF,0.821,0.822,0.801,0.802,193833200.0,157295641.8,,,,,
2023-08-14,159755,电池ETF,0.797,0.797,0.775,0.783,274782600.0,216528688.8,,,,,
2023-08-15,159755,电池ETF,0.782,0.787,0.77,0.774,270270800.0,210338250.1,,,,,
2023-08-16,159755,电池ETF,0.773,0.783,0.77,0.772,203713500.0,157776105.75,,,,,
2023-08-17,159755,电池ETF,0.772,0.775,0.762,0.773,209131200.0,161135589.6,,,,,
2023-08-18,159755,电池ETF,0.772,0.777,0.761,0.762,146265000.0,112331520.0,,,,,
2023-08-21,159755,电池ETF,0.762,0.762,0.746,0.748,190617300.0,143820752.85000002,,,,,
2023-08-22,159755,电池ETF,0.75,0.754,0.725,0.739,336161200.0,249431610.4,,,,,
2023-08-23,159755,电池ETF,0.738,0.738,0.718,0.718,145560700.0,105968189.6,,,,,
2023-08-24,159755,电池ETF,0.721,0.732,0.718,0.725,217090900.0,157173811.6,,,,,
2023-08-25,159755,电池ETF,0.721,0.724,0.715,0.719,159084300.0,114500924.92499998,,,,,
2023-08-28,159755,电池ETF,0.758,0.76,0.716,0.719,289061600.0,213399726.20000002,,,,,
2023-08-29,159755,电池ETF,0.719,0.747,0.717,0.742,301525500.0,220490521.875,,,,,
2023-08-30,159755,电池ETF,0.742,0.752,0.738,0.74,154641100.0,114898337.3,,,,,
2023-08-31,159755,电池ETF,0.74,0.741,0.73,0.733,199963600.0,147173209.6,,,,,
2023-09-01,159755,电池ETF,0.736,0.74,0.73,0.734,90157900.0,66266056.5,,,,,
2023-09-04,159755,电池ETF,0.735,0.743,0.727,0.741,136295400.0,100381562.1,,,,,
2023-09-05,159755,电池ETF,0.74,0.743,0.735,0.737,565053400.0,417433199.24999994,,,,,
2023-09-06,159755,电池ETF,0.737,0.737,0.729,0.735,378663300.0,278128193.85,,,,,
2023-09-07,159755,电池ETF,0.733,0.734,0.717,0.718,144632900.0,104931168.95,,,,,
2023-09-08,159755,电池ETF,0.715,0.718,0.704,0.708,151648700.0,107860137.87499999,,,,,
2023-09-11,159755,电池ETF,0.706,0.717,0.702,0.711,151726100.0,107573804.89999999,,,,,
2023-09-12,159755,电池ETF,0.712,0.723,0.709,0.714,204778300.0,146314095.35,,,,,
2023-09-13,159755,电池ETF,0.712,0.716,0.703,0.706,261822300.0,185697466.27499998,,,,,
2023-09-14,159755,电池ETF,0.7,0.703,0.691,0.695,304188700.0,212095571.075,,,,,
2023-09-15,159755,电池ETF,0.695,0.696,0.685,0.689,183478700.0,126829651.375,,,,,
2023-09-18,159755,电池ETF,0.686,0.709,0.684,0.698,211729200.0,146992997.1,,,,,
2023-09-19,159755,电池ETF,0.696,0.697,0.688,0.691,122892700.0,85164641.10000001,,,,,
2023-09-20,159755,电池ETF,0.691,0.691,0.682,0.682,104815700.0,71955978.05,,,,,
2023-09-21,159755,电池ETF,0.68,0.685,0.674,0.677,135095600.0,91729912.4,,,,,
2023-09-22,159755,电池ETF,0.674,0.69,0.674,0.689,155236500.0,105832483.875,,,,,
2023-09-25,159755,电池ETF,0.688,0.692,0.682,0.685,117560100.0,80734398.675,,,,,
2023-09-26,159755,电池ETF,0.684,0.684,0.673,0.674,242669200.0,164711719.50000003,,,,,
2023-09-27,159755,电池ETF,0.674,0.689,0.672,0.678,156692200.0,106276484.65,,,,,
2023-09-28,159755,电池ETF,0.679,0.686,0.675,0.678,136409800.0,92690459.1,,,,,
2023-10-09,159755,电池ETF,0.677,0.678,0.666,0.673,245080900.0,165061986.15,,,,,
2023-10-10,159755,电池ETF,0.674,0.682,0.669,0.671,222689100.0,150092453.4,,,,,
2023-10-11,159755,电池ETF,0.674,0.678,0.667,0.67,247816900.0,166594911.025,,,,,
2023-10-12,159755,电池ETF,0.674,0.691,0.671,0.689,326936400.0,222725422.49999997,,,,,
2023-10-13,159755,电池ETF,0.682,0.684,0.671,0.674,185849800.0,125959701.95000002,,,,,
2023-10-16,159755,电池ETF,0.675,0.676,0.655,0.658,161972200.0,107873485.20000002,,,,,
2023-10-17,159755,电池ETF,0.659,0.673,0.658,0.665,197258000.0,130929997.50000001,,,,,
2023-10-18,159755,电池ETF,0.666,0.668,0.659,0.661,120202300.0,79754226.05,,,,,
2023-10-19,159755,电池ETF,0.658,0.659,0.647,0.648,156765900.0,102368132.7,,,,,
2023-10-20,159755,电池ETF,0.644,0.661,0.642,0.652,177342000.0,115227964.50000001,,,,,
2023-10-23,159755,电池ETF,0.652,0.652,0.632,0.636,152486300.0,98048690.9,,,,,
2023-10-24,159755,电池ETF,0.639,0.644,0.634,0.64,118429300.0,75705930.02499999,,,,,
2023-10-25,159755,电池ETF,0.644,0.649,0.637,0.639,102983800.0,66141345.55,,,,,
2023-10-26,159755,电池ETF,0.634,0.642,0.621,0.641,190386200.0,120800043.89999999,,,,,
2023-10-27,159755,电池ETF,0.637,0.67,0.636,0.667,299693600.0,195550074.00000003,,,,,
2023-10-30,159755,电池ETF,0.664,0.677,0.662,0.674,229328200.0,153477897.85,,,,,
2023-10-31,159755,电池ETF,0.67,0.671,0.659,0.664,136063800.0,90618490.8,,,,,
2023-11-01,159755,电池ETF,0.667,0.667,0.656,0.662,239279300.0,158642175.9,,,,,
2023-11-02,159755,电池ETF,0.663,0.665,0.65,0.651,123284700.0,81028869.075,,,,,
2023-11-03,159755,电池ETF,0.651,0.66,0.651,0.659,142269600.0,93222155.40000002,,,,,
2023-11-06,159755,电池ETF,0.662,0.687,0.66,0.687,416805100.0,280926637.40000004,,,,,
2023-11-07,159755,电池ETF,0.681,0.684,0.675,0.679,288067400.0,195813815.15000004,,,,,
2023-11-08,159755,电池ETF,0.678,0.683,0.674,0.678,258833800.0,175554024.85,,,,,
2023-11-09,159755,电池ETF,0.679,0.685,0.675,0.679,189963300.0,129080062.35,,,,,
2023-11-10,159755,电池ETF,0.676,0.676,0.67,0.673,129794400.0,87448977.00000001,,,,,
2023-11-13,159755,电池ETF,0.675,0.679,0.67,0.673,98331900.0,66300283.575,,,,,
2023-11-14,159755,电池ETF,0.673,0.675,0.665,0.668,150631300.0,100960628.825,,,,,
2023-11-15,159755,电池ETF,0.675,0.682,0.674,0.676,377288200.0,255329789.35,,,,,
2023-11-16,159755,电池ETF,0.676,0.677,0.663,0.663,189496500.0,126915280.87500001,,,,,
2023-11-17,159755,电池ETF,0.662,0.667,0.66,0.666,156898600.0,104141445.75000001,,,,,
2023-11-20,159755,电池ETF,0.667,0.668,0.656,0.665,267554300.0,177656055.20000002,,,,,
2023-11-21,159755,电池ETF,0.666,0.67,0.659,0.659,130899800.0,86852017.3,,,,,
2023-11-22,159755,电池ETF,0.657,0.658,0.644,0.644,130825100.0,85134433.825,,,,,
2023-11-23,159755,电池ETF,0.646,0.648,0.64,0.648,114715600.0,74048919.80000001,,,,,
2023-11-24,159755,电池ETF,0.646,0.647,0.631,0.632,178697000.0,114187383.0,,,,,
2023-11-27,159755,电池ETF,0.63,0.631,0.617,0.621,162317200.0,101407670.69999999,,,,,
2023-11-28,159755,电池ETF,0.621,0.626,0.617,0.625,151368800.0,94189235.8,,,,,
2023-11-29,159755,电池ETF,0.623,0.624,0.611,0.612,143035400.0,88324359.49999999,,,,,
2023-11-30,159755,电池ETF,0.611,0.616,0.606,0.608,138678700.0,84628676.675,,,,,
2023-12-01,159755,电池ETF,0.609,0.61,0.597,0.604,186518900.0,112843934.5,,,,,
2023-12-04,159755,电池ETF,0.603,0.604,0.595,0.598,127643900.0,76586340.00000001,,,,,
2023-12-05,159755,电池ETF,0.595,0.606,0.591,0.592,197244600.0,117557781.59999998,,,,,
2023-12-06,159755,电池ETF,0.59,0.618,0.589,0.609,375047800.0,225591251.69999996,,,,,
2023-12-07,159755,电池ETF,0.607,0.611,0.6,0.606,303696000.0,184039776.0,,,,,
2023-12-08,159755,电池ETF,0.61,0.613,0.601,0.603,117777500.0,71461498.125,,,,,
2023-12-11,159755,电池ETF,0.6,0.606,0.59,0.604,128592000.0,77155200.0,,,,,
2023-12-12,159755,电池ETF,0.601,0.605,0.597,0.599,86347500.0,51851673.75,,,,,
2023-12-13,159755,电池ETF,0.598,0.598,0.584,0.584,202362600.0,119596296.6,,,,,
2023-12-14,159755,电池ETF,0.589,0.595,0.579,0.579,171673800.0,100515009.89999999,,,,,
2023-12-15,159755,电池ETF,0.583,0.589,0.578,0.579,144644200.0,84219085.44999999,,,,,
2023-12-18,159755,电池ETF,0.576,0.579,0.562,0.563,170574900.0,97227692.99999999,,,,,
2023-12-19,159755,电池ETF,0.563,0.57,0.561,0.566,167217900.0,94478113.49999999,,,,,
2023-12-20,159755,电池ETF,0.567,0.57,0.558,0.56,119292800.0,67251316.0,,,,,
2023-12-21,159755,电池ETF,0.555,0.575,0.553,0.571,227317500.0,128093411.25,,,,,
2023-12-22,159755,电池ETF,0.569,0.588,0.562,0.581,257422200.0,148017765.0,,,,,
2023-12-25,159755,电池ETF,0.58,0.588,0.577,0.583,103963600.0,60506815.199999996,,,,,
2023-12-26,159755,电池ETF,0.584,0.584,0.576,0.579,81072800.0,47083028.6,,,,,
2023-12-27,159755,电池ETF,0.579,0.581,0.573,0.575,136258200.0,78620981.39999999,,,,,
2023-12-28,159755,电池ETF,0.574,0.608,0.574,0.606,260591900.0,153879516.95,,,,,
2023-12-29,159755,电池ETF,0.606,0.612,0.604,0.606,127438800.0,77355351.6,,,,,
2024-01-02,159755,电池ETF,0.607,0.608,0.59,0.59,127900100.0,76580184.875,,,,,
2024-01-03,159755,电池ETF,0.59,0.593,0.583,0.589,130381700.0,76762225.87499999,,,,,
2024-01-04,159755,电池ETF,0.588,0.588,0.575,0.579,161532000.0,94092390.0,,,,,
2024-01-05,159755,电池ETF,0.579,0.593,0.571,0.575,191975900.0,111250034.04999998,,,,,
2024-01-08,159755,电池ETF,0.573,0.581,0.563,0.563,152484100.0,86915937.0,,,,,
2024-01-09,159755,电池ETF,0.565,0.577,0.558,0.567,150308900.0,85187569.075,,,,,
2024-01-10,159755,电池ETF,0.563,0.579,0.557,0.57,182113300.0,103303769.42500001,,,,,
2024-01-11,159755,电池ETF,0.568,0.595,0.565,0.588,362871100.0,210102366.89999998,,,,,
2024-01-12,159755,电池ETF,0.584,0.595,0.581,0.583,391555000.0,229353341.25,,,,,
2024-01-15,159755,电池ETF,0.583,0.583,0.57,0.574,157332300.0,90859403.25,,,,,
2024-01-16,159755,电池ETF,0.572,0.587,0.571,0.582,192919400.0,111507413.19999999,,,,,
2024-01-17,159755,电池ETF,0.578,0.58,0.558,0.558,185414000.0,105407859.0,,,,,
2024-01-18,159755,电池ETF,0.556,0.57,0.551,0.566,204371400.0,114601262.55,,,,,
2024-01-19,159755,电池ETF,0.566,0.581,0.563,0.563,186483000.0,105968964.74999999,,,,,
2024-01-22,159755,电池ETF,0.56,0.564,0.541,0.543,231913000.0,128015976.00000001,,,,,
2024-01-23,159755,电池ETF,0.542,0.554,0.537,0.546,149908400.0,81662600.9,,,,,
2024-01-24,159755,电池ETF,0.547,0.55,0.527,0.543,171616200.0,92973076.35000001,,,,,
2024-01-25,159755,电池ETF,0.541,0.552,0.533,0.551,176973100.0,96317609.675,,,,,
2024-01-26,159755,电池ETF,0.547,0.549,0.536,0.537,179728000.0,97457508.0,,,,,
2024-01-29,159755,电池ETF,0.537,0.538,0.516,0.516,206438400.0,108741427.20000002,,,,,
2024-01-30,159755,电池ETF,0.515,0.52,0.499,0.5,157999800.0,80342898.30000001,,,,,
2024-01-31,159755,电池ETF,0.499,0.517,0.498,0.498,239192000.0,120313576.0,,,,,
2024-02-01,159755,电池ETF,0.495,0.505,0.49,0.494,150988700.0,74890395.2,,,,,
2024-02-02,159755,电池ETF,0.495,0.498,0.465,0.482,200709100.0,97343913.50000001,,,,,
2024-02-05,159755,电池ETF,0.473,0.485,0.45,0.473,174968300.0,82278843.075,,,,,
2024-02-06,159755,电池ETF,0.469,0.506,0.465,0.505,190769500.0,92761669.375,,,,,
2024-02-07,159755,电池ETF,0.506,0.522,0.501,0.519,186541900.0,95509452.8,,,,,
2024-02-08,159755,电池ETF,0.521,0.539,0.521,0.529,128808700.0,67946589.25,,,,,
2024-02-19,159755,电池ETF,0.535,0.536,0.52,0.525,115229600.0,60956458.400000006,,,,,
2024-02-20,159755,电池ETF,0.523,0.524,0.512,0.52,112557500.0,58501760.62500001,,,,,
2024-02-21,159755,电池ETF,0.516,0.541,0.515,0.53,174753400.0,91832911.70000002,,,,,
2024-02-22,159755,电池ETF,0.527,0.532,0.525,0.531,122778300.0,64919026.12500001,,,,,
2024-02-23,159755,电池ETF,0.531,0.538,0.528,0.536,135070100.0,72026130.825,,,,,
2024-02-26,159755,电池ETF,0.536,0.545,0.532,0.538,153609700.0,82603616.17500001,,,,,
2024-02-27,159755,电池ETF,0.537,0.548,0.534,0.547,110963300.0,60086626.95000001,,,,,
2024-02-28,159755,电池ETF,0.549,0.565,0.535,0.536,215152400.0,117526998.5,,,,,
2024-02-29,159755,电池ETF,0.533,0.556,0.53,0.556,197746100.0,107524441.87499999,,,,,
2024-03-01,159755,电池ETF,0.554,0.563,0.551,0.557,154376100.0,85871705.625,,,,,
2024-03-04,159755,电池ETF,0.558,0.565,0.55,0.555,120463200.0,67098002.39999999,,,,,
2024-03-05,159755,电池ETF,0.549,0.55,0.542,0.547,131837400.0,72115057.80000001,,,,,
2024-03-06,159755,电池ETF,0.541,0.558,0.541,0.55,142594400.0,78070434.00000001,,,,,
2024-03-07,159755,电池ETF,0.549,0.553,0.536,0.536,213868400.0,116237475.39999999,,,,,
2024-03-08,159755,电池ETF,0.535,0.544,0.531,0.538,186800700.0,100311975.9,,,,,
2024-03-11,159755,电池ETF,0.545,0.587,0.545,0.586,626717300.0,354565312.47499996,,,,,
2024-03-12,159755,电池ETF,0.592,0.593,0.582,0.59,419424100.0,247145650.92499998,,,,,
2024-03-13,159755,电池ETF,0.586,0.596,0.586,0.59,218529300.0,128823022.34999998,,,,,
2024-03-14,159755,电池ETF,0.589,0.6,0.581,0.588,162563800.0,95831360.10000001,,,,,
2024-03-15,159755,电池ETF,0.584,0.588,0.572,0.588,217180800.0,126616406.39999999,,,,,
2024-03-18,159755,电池ETF,0.596,0.607,0.595,0.607,298525600.0,179488517.0,,,,,
2024-03-19,159755,电池ETF,0.605,0.609,0.6,0.602,346977700.0,209574530.79999998,,,,,
2024-03-20,159755,电池ETF,0.599,0.608,0.598,0.6,115986100.0,69736642.625,,,,,
2024-03-21,159755,电池ETF,0.6,0.603,0.594,0.596,168987200.0,101096592.39999999,,,,,
2024-03-22,159755,电池ETF,0.596,0.597,0.579,0.58,208329300.0,122497628.39999999,,,,,
2024-03-25,159755,电池ETF,0.577,0.584,0.569,0.569,159592100.0,91725559.475,,,,,
2024-03-26,159755,电池ETF,0.57,0.593,0.57,0.591,277182300.0,161042916.29999998,,,,,
2024-03-27,159755,电池ETF,0.591,0.592,0.566,0.566,243737500.0,141063078.125,,,,,
2024-03-28,159755,电池ETF,0.565,0.579,0.564,0.57,117451300.0,66888515.34999999,,,,,
2024-03-29,159755,电池ETF,0.571,0.582,0.569,0.574,167577100.0,96189255.39999999,,,,,
2024-04-01,159755,电池ETF,0.576,0.598,0.576,0.598,237084600.0,139168660.2,,,,,
2024-04-02,159755,电池ETF,0.598,0.608,0.593,0.606,283215500.0,170283319.375,,,,,
2024-04-03,159755,电池ETF,0.606,0.612,0.599,0.602,202006300.0,122163309.92499998,,,,,
2024-04-08,159755,电池ETF,0.599,0.609,0.589,0.589,259897500.0,155028858.75,,,,,
2024-04-09,159755,电池ETF,0.588,0.613,0.586,0.613,328303800.0,196982280.0,,,,,
2024-04-10,159755,电池ETF,0.614,0.615,0.597,0.601,288340800.0,174950780.39999998,,,,,
2024-04-11,159755,电池ETF,0.595,0.603,0.587,0.599,163362500.0,97364050.0,,,,,
2024-04-12,159755,电池ETF,0.596,0.599,0.58,0.582,180320300.0,106253736.77499999,,,,,
2024-04-15,159755,电池ETF,0.58,0.599,0.58,0.59,199050100.0,116892171.225,,,,,
2024-04-16,159755,电池ETF,0.588,0.588,0.568,0.568,194815800.0,112603532.39999999,,,,,
2024-04-17,159755,电池ETF,0.57,0.582,0.57,0.582,128371800.0,73942156.8,,,,,
2024-04-18,159755,电池ETF,0.579,0.59,0.568,0.581,131192100.0,76025821.95,,,,,
2024-04-19,159755,电池ETF,0.578,0.578,0.562,0.568,112048400.0,64035660.59999999,,,,,
2024-04-22,159755,电池ETF,0.567,0.575,0.56,0.562,104527700.0,59162678.2,,,,,
2024-04-23,159755,电池ETF,0.56,0.564,0.553,0.555,92088800.0,51385550.400000006,,,,,
2024-04-24,159755,电池ETF,0.553,0.557,0.546,0.554,138311700.0,76417214.25,,,,,
2024-04-25,159755,电池ETF,0.552,0.565,0.547,0.559,183774500.0,102132678.37500001,,,,,
2024-04-26,159755,电池ETF,0.556,0.575,0.556,0.573,145348100.0,82121676.49999999,,,,,
2024-04-29,159755,电池ETF,0.579,0.605,0.575,0.598,255766000.0,150710115.5,,,,,
2024-04-30,159755,电池ETF,0.6,0.602,0.586,0.586,137182800.0,81417991.79999998,,,,,
2024-05-06,159755,电池ETF,0.603,0.61,0.602,0.605,162297700.0,98190108.5,,,,,
2024-05-07,159755,电池ETF,0.605,0.608,0.6,0.607,143346200.0,86724451.0,,,,,
2024-05-08,159755,电池ETF,0.605,0.605,0.592,0.594,126702600.0,75894857.39999999,,,,,
2024-05-09,159755,电池ETF,0.601,0.618,0.601,0.613,348521200.0,211988019.89999998,,,,,
2024-05-10,159755,电池ETF,0.61,0.613,0.599,0.602,210333000.0,127461798.0,,,,,
2024-05-13,159755,电池ETF,0.591,0.595,0.585,0.59,253597800.0,149686101.45,,,,,
2024-05-14,159755,电池ETF,0.589,0.595,0.585,0.588,114110500.0,67239612.125,,,,,
2024-05-15,159755,电池ETF,0.588,0.594,0.579,0.58,97776200.0,57223521.050000004,,,,,
2024-05-16,159755,电池ETF,0.582,0.585,0.577,0.579,122735100.0,71278409.325,,,,,
2024-05-17,159755,电池ETF,0.579,0.592,0.575,0.591,235064700.0,137336550.975,,,,,
2024-05-20,159755,电池ETF,0.593,0.597,0.588,0.591,120432600.0,71326207.35,,,,,
2024-05-21,159755,电池ETF,0.592,0.593,0.581,0.584,84520200.0,49655617.49999999,,,,,
2024-05-22,159755,电池ETF,0.586,0.594,0.583,0.593,215517800.0,126939984.19999999,,,,,
2024-05-23,159755,电池ETF,0.59,0.59,0.577,0.578,158003300.0,92234426.375,,,,,
2024-05-24,159755,电池ETF,0.576,0.58,0.568,0.569,117815700.0,67537850.025,,,,,
2024-05-27,159755,电池ETF,0.57,0.573,0.562,0.571,85318500.0,48546226.49999999,,,,,
2024-05-28,159755,电池ETF,0.569,0.571,0.563,0.564,81982300.0,46463468.525,,,,,
2024-05-29,159755,电池ETF,0.565,0.58,0.565,0.578,258806500.0,148037318.0,,,,,
2024-05-30,159755,电池ETF,0.58,0.584,0.576,0.579,346473800.0,200868185.54999998,,,,,
2024-05-31,159755,电池ETF,0.579,0.589,0.579,0.58,127998900.0,74463360.075,,,,,
2024-06-03,159755,电池ETF,0.581,0.588,0.574,0.584,156631100.0,91120142.425,,,,,
2024-06-04,159755,电池ETF,0.586,0.596,0.584,0.594,192309600.0,113462664.0,,,,,
2024-06-05,159755,电池ETF,0.593,0.605,0.592,0.593,198140700.0,118042322.025,,,,,
2024-06-06,159755,电池ETF,0.595,0.597,0.583,0.585,136876300.0,80757017.0,,,,,
2024-06-07,159755,电池ETF,0.583,0.587,0.564,0.571,359687200.0,207269748.99999997,,,,,
2024-06-11,159755,电池ETF,0.566,0.575,0.564,0.574,71759900.0,40885203.025,,,,,
2024-06-12,159755,电池ETF,0.572,0.576,0.569,0.573,54043100.0,30939674.75,,,,,
2024-06-13,159755,电池ETF,0.573,0.584,0.573,0.575,87038900.0,50156166.12499999,,,,,
2024-06-14,159755,电池ETF,0.574,0.577,0.564,0.577,100548400.0,57614233.199999996,,,,,
2024-06-17,159755,电池ETF,0.573,0.592,0.57,0.589,181304500.0,105337914.5,,,,,
2024-06-18,159755,电池ETF,0.587,0.588,0.582,0.586,93804600.0,54946044.45,,,,,
2024-06-19,159755,电池ETF,0.587,0.587,0.576,0.577,104804200.0,60969843.35,,,,,
2024-06-20,159755,电池ETF,0.575,0.575,0.562,0.564,126299300.0,71864301.69999999,,,,,
2024-06-21,159755,电池ETF,0.563,0.566,0.554,0.559,80623100.0,45189247.55,,,,,
2024-06-24,159755,电池ETF,0.555,0.556,0.549,0.549,69173900.0,38201286.275,,,,,
2024-06-25,159755,电池ETF,0.55,0.554,0.54,0.544,81608000.0,44639576.0,,,,,
2024-06-26,159755,电池ETF,0.543,0.555,0.536,0.553,145348300.0,79469183.025,,,,,
2024-06-27,159755,电池ETF,0.55,0.55,0.541,0.541,57332500.0,31274878.750000004,,,,,
2024-06-28,159755,电池ETF,0.539,0.546,0.534,0.536,82180500.0,44274744.37500001,,,,,
2024-07-01,159755,电池ETF,0.534,0.535,0.519,0.53,115610200.0,61215600.900000006,,,,,
2024-07-02,159755,电池ETF,0.528,0.532,0.523,0.524,97347400.0,51277742.95,,,,,
2024-07-03,159755,电池ETF,0.528,0.534,0.521,0.528,94341700.0,49788832.175000004,,,,,
2024-07-04,159755,电池ETF,0.529,0.534,0.522,0.522,74455300.0,39219329.275000006,,,,,
2024-07-05,159755,电池ETF,0.521,0.524,0.515,0.519,99132300.0,51524012.925000004,,,,,
2024-07-08,159755,电池ETF,0.517,0.518,0.507,0.508,109576600.0,56158007.49999999,,,,,
2024-07-09,159755,电池ETF,0.507,0.518,0.502,0.516,92536100.0,47262813.075,,,,,
2024-07-10,159755,电池ETF,0.514,0.529,0.513,0.517,100880300.0,52281215.475,,,,,
2024-07-11,159755,电池ETF,0.523,0.537,0.522,0.533,148906900.0,78734523.37500001,,,,,
2024-07-12,159755,电池ETF,0.533,0.539,0.53,0.536,91333000.0,48817488.5,,,,,
2024-07-15,159755,电池ETF,0.532,0.535,0.529,0.529,76682200.0,40737418.75,,,,,
2024-07-16,159755,电池ETF,0.53,0.54,0.529,0.537,77463000.0,41365242.0,,,,,
2024-07-17,159755,电池ETF,0.535,0.539,0.531,0.534,65255300.0,34895271.675000004,,,,,
2024-07-18,159755,电池ETF,0.531,0.543,0.529,0.542,121143200.0,64963041.0,,,,,
2024-07-19,159755,电池ETF,0.538,0.546,0.535,0.544,160697100.0,86896956.825,,,,,
2024-07-22,159755,电池ETF,0.543,0.549,0.537,0.541,99892700.0,54191789.75,,,,,
2024-07-23,159755,电池ETF,0.542,0.542,0.523,0.524,100543700.0,53564656.175000004,,,,,
2024-07-24,159755,电池ETF,0.521,0.527,0.513,0.515,97224900.0,50459723.1,,,,,
2024-07-25,159755,电池ETF,0.511,0.525,0.511,0.52,102453200.0,52942691.1,,,,,
2024-07-26,159755,电池ETF,0.521,0.539,0.521,0.531,108916100.0,57507700.800000004,,,,,
2024-07-29,159755,电池ETF,0.532,0.532,0.517,0.519,87597800.0,45988845.0,,,,,
2024-07-30,159755,电池ETF,0.517,0.519,0.513,0.516,107819700.0,55661920.125,,,,,
2024-07-31,159755,电池ETF,0.514,0.535,0.514,0.534,115935000.0,60778923.750000015,,,,,
2024-08-01,159755,电池ETF,0.533,0.534,0.522,0.524,123209500.0,65085418.375,,,,,
2024-08-02,159755,电池ETF,0.522,0.524,0.514,0.515,79169200.0,41069022.5,,,,,
2024-08-05,159755,电池ETF,0.512,0.524,0.507,0.507,114248800.0,58552510.00000001,,,,,
2024-08-06,159755,电池ETF,0.512,0.516,0.505,0.51,91240300.0,46600983.225,,,,,
2024-08-07,159755,电池ETF,0.51,0.513,0.507,0.508,116994600.0,59608748.70000001,,,,,
2024-08-08,159755,电池ETF,0.509,0.51,0.499,0.506,131700000.0,66640200.0,,,,,
2024-08-09,159755,电池ETF,0.508,0.512,0.501,0.501,86057300.0,43501965.15,,,,,
2024-08-12,159755,电池ETF,0.504,0.504,0.496,0.498,62891800.0,31477345.899999995,,,,,
2024-08-13,159755,电池ETF,0.5,0.506,0.495,0.503,110313300.0,55266963.3,,,,,
2024-08-14,159755,电池ETF,0.502,0.505,0.494,0.495,60985500.0,30431764.5,,,,,
2024-08-15,159755,电池ETF,0.493,0.505,0.493,0.501,97386900.0,48498676.2,,,,,
2024-08-16,159755,电池ETF,0.501,0.503,0.496,0.496,105879700.0,52833970.3,,,,,
2024-08-19,159755,电池ETF,0.497,0.506,0.496,0.498,73018300.0,36454386.275,,,,,
2024-08-20,159755,电池ETF,0.499,0.502,0.492,0.493,92493100.0,45922824.15,,,,,
2024-08-21,159755,电池ETF,0.492,0.503,0.487,0.498,121745200.0,60263874.0,,,,,
2024-08-22,159755,电池ETF,0.498,0.5,0.493,0.493,81946500.0,40645464.0,,,,,
2024-08-23,159755,电池ETF,0.492,0.494,0.487,0.489,83327300.0,40872040.650000006,,,,,
2024-08-26,159755,电池ETF,0.49,0.505,0.49,0.499,136079600.0,67495481.6,,,,,
2024-08-27,159755,电池ETF,0.498,0.499,0.49,0.492,92586700.0,45807269.824999996,,,,,
2024-08-28,159755,电池ETF,0.491,0.492,0.485,0.49,73626600.0,36040220.699999996,,,,,
2024-08-29,159755,电池ETF,0.488,0.5,0.486,0.497,96810900.0,47703570.974999994,,,,,
2024-08-30,159755,电池ETF,0.496,0.519,0.496,0.511,486155700.0,245751706.35000002,,,,,
2024-09-02,159755,电池ETF,0.511,0.515,0.498,0.499,502317500.0,254047075.62499997,,,,,
2024-09-03,159755,电池ETF,0.499,0.513,0.497,0.51,786949400.0,397212709.6499999,,,,,
2024-09-04,159755,电池ETF,0.506,0.521,0.506,0.515,349161600.0,178770739.20000002,,,,,
2024-09-05,159755,电池ETF,0.515,0.525,0.513,0.517,119114200.0,61641598.49999999,,,,,
2024-09-06,159755,电池ETF,0.517,0.517,0.508,0.508,96325900.0,49367023.74999999,,,,,
2024-09-09,159755,电池ETF,0.503,0.512,0.501,0.505,99554900.0,50300113.224999994,,,,,
2024-09-10,159755,电池ETF,0.504,0.506,0.495,0.501,188871200.0,94718906.8,,,,,
2024-09-11,159755,电池ETF,0.501,0.519,0.5,0.518,250058200.0,127404652.90000002,,,,,
2024-09-12,159755,电池ETF,0.517,0.523,0.512,0.513,118688200.0,61272783.25,,,,,
2024-09-13,159755,电池ETF,0.513,0.513,0.499,0.5,106462300.0,53896539.375,,,,,
2024-09-18,159755,电池ETF,0.498,0.501,0.493,0.5,86222500.0,42938805.0,,,,,
2024-09-19,159755,电池ETF,0.502,0.509,0.493,0.503,116125800.0,58266120.14999999,,,,,
2024-09-20,159755,电池ETF,0.503,0.503,0.493,0.496,104737400.0,52237778.25,,,,,
2024-09-23,159755,电池ETF,0.497,0.502,0.494,0.495,82205400.0,40856083.8,,,,,
2024-09-24,159755,电池ETF,0.5,0.522,0.496,0.522,236617600.0,120674976.0,,,,,
2024-09-25,159755,电池ETF,0.53,0.542,0.527,0.529,186773900.0,99363714.80000001,,,,,
2024-09-26,159755,电池ETF,0.528,0.547,0.526,0.547,214565100.0,115221458.70000003,,,,,
2024-09-27,159755,电池ETF,0.554,0.602,0.554,0.6,328780900.0,189870969.74999997,,,,,
2024-09-30,159755,电池ETF,0.64,0.66,0.617,0.66,561850500.0,361972184.625,,,,,
2024-10-08,159755,电池ETF,0.726,0.726,0.683,0.726,539047100.0,385553438.275,,,,,
2024-10-09,159755,电池ETF,0.726,0.731,0.665,0.674,408563500.0,285585886.5,,,,,
2024-10-10,159755,电池ETF,0.674,0.695,0.664,0.671,262984400.0,177777454.4,,,,,
2024-10-11,159755,电池ETF,0.666,0.666,0.621,0.631,190817600.0,123268169.60000001,,,,,
2024-10-14,159755,电池ETF,0.636,0.65,0.626,0.646,210887900.0,134862812.04999998,,,,,
2024-10-15,159755,电池ETF,0.645,0.647,0.624,0.624,176876000.0,112316260.0,,,,,
2024-10-16,159755,电池ETF,0.616,0.621,0.607,0.611,139301200.0,85496111.5,,,,,
2024-10-17,159755,电池ETF,0.616,0.622,0.605,0.606,128632800.0,78755431.8,,,,,
2024-10-18,159755,电池ETF,0.602,0.662,0.602,0.639,343230000.0,214947787.5,,,,,
2024-10-21,159755,电池ETF,0.651,0.665,0.647,0.652,316861800.0,207148401.75000003,,,,,
2024-10-22,159755,电池ETF,0.646,0.659,0.643,0.659,210305600.0,137066674.8,,,,,
2024-10-23,159755,电池ETF,0.66,0.674,0.65,0.664,268350400.0,177647964.8,,,,,
2024-10-24,159755,电池ETF,0.665,0.666,0.646,0.647,126250300.0,82820196.8,,,,,
2024-10-25,159755,电池ETF,0.656,0.695,0.656,0.684,434278300.0,292160726.32500005,,,,,
2024-10-28,159755,电池ETF,0.69,0.69,0.67,0.681,199105300.0,135939143.575,,,,,
2024-10-29,159755,电池ETF,0.685,0.689,0.666,0.667,206561900.0,139790765.825,,,,,
2024-10-30,159755,电池ETF,0.666,0.67,0.654,0.661,153744200.0,101893968.55,,,,,
2024-10-31,159755,电池ETF,0.662,0.67,0.651,0.662,184899400.0,122264728.25000001,,,,,
2024-11-01,159755,电池ETF,0.657,0.67,0.652,0.656,216120400.0,142369313.5,,,,,
2024-11-04,159755,电池ETF,0.658,0.679,0.658,0.673,175791700.0,117253063.89999999,,,,,
2024-11-05,159755,电池ETF,0.674,0.699,0.666,0.699,301487700.0,206368330.65,,,,,
2024-11-06,159755,电池ETF,0.702,0.727,0.697,0.702,314240100.0,222167750.7,,,,,
2024-11-07,159755,电池ETF,0.698,0.714,0.696,0.714,238887200.0,168534919.6,,,,,
2024-11-08,159755,电池ETF,0.721,0.74,0.708,0.709,380553000.0,273807883.5,,,,,
2024-11-11,159755,电池ETF,0.7,0.752,0.695,0.751,428834600.0,310690667.7,,,,,
2024-11-12,159755,电池ETF,0.759,0.779,0.739,0.75,479550600.0,362899916.54999995,,,,,
2024-11-13,159755,电池ETF,0.742,0.755,0.726,0.75,591249000.0,439445819.25,,,,,
2024-11-14,159755,电池ETF,0.754,0.758,0.722,0.725,273212300.0,202108798.925,,,,,
2024-11-15,159755,电池ETF,0.72,0.723,0.697,0.7,279442100.0,198403891.0,,,,,
2024-11-18,159755,电池ETF,0.701,0.711,0.685,0.694,293693500.0,204924639.625,,,,,
2024-11-19,159755,电池ETF,0.693,0.721,0.681,0.719,353494900.0,248683662.15,,,,,
2024-11-20,159755,电池ETF,0.712,0.727,0.709,0.72,263664100.0,189047159.7,,,,,
2024-11-21,159755,电池ETF,0.714,0.726,0.711,0.72,165063900.0,118474614.225,,,,,
2024-11-22,159755,电池ETF,0.716,0.72,0.693,0.695,157946800.0,111510440.80000001,,,,,
2024-11-25,159755,电池ETF,0.702,0.717,0.696,0.71,278719000.0,196845293.75,,,,,
2024-11-26,159755,电池ETF,0.71,0.71,0.682,0.683,222421600.0,154861038.99999997,,,,,
2024-11-27,159755,电池ETF,0.678,0.697,0.668,0.696,186385600.0,127627539.60000001,,,,,
2024-11-28,159755,电池ETF,0.695,0.696,0.681,0.683,884061200.0,608897151.5,,,,,
2024-11-29,159755,电池ETF,0.679,0.705,0.679,0.693,374118300.0,257767508.70000002,,,,,
2024-12-02,159755,电池ETF,0.691,0.705,0.686,0.703,156667200.0,109079537.99999999,,,,,
2024-12-03,159755,电池ETF,0.703,0.705,0.69,0.695,147224700.0,102799646.77499999,,,,,
2024-12-04,159755,电池ETF,0.695,0.695,0.682,0.689,251186800.0,173381688.7,,,,,
2024-12-05,159755,电池ETF,0.683,0.687,0.679,0.684,133482000.0,91201576.50000001,,,,,
2024-12-06,159755,电池ETF,0.685,0.702,0.675,0.696,196355200.0,135386910.4,,,,,
2024-12-09,159755,电池ETF,0.693,0.701,0.69,0.695,149985200.0,104202217.7,,,,,
2024-12-10,159755,电池ETF,0.721,0.725,0.692,0.695,166575300.0,117976956.22500001,,,,,
2024-12-11,159755,电池ETF,0.695,0.698,0.686,0.689,170276800.0,117831545.6,,,,,
2024-12-12,159755,电池ETF,0.688,0.7,0.685,0.695,135182100.0,93546013.2,,,,,
2024-12-13,159755,电池ETF,0.69,0.69,0.676,0.677,148245500.0,101288737.875,,,,,
2024-12-16,159755,电池ETF,0.676,0.678,0.663,0.667,127832400.0,85775540.4,,,,,
2024-12-17,159755,电池ETF,0.666,0.683,0.664,0.674,170666700.0,114645355.72500001,,,,,
2024-12-18,159755,电池ETF,0.675,0.676,0.67,0.671,169606600.0,114145241.80000001,,,,,
2024-12-19,159755,电池ETF,0.666,0.674,0.661,0.672,101089300.0,67552924.725,,,,,
2024-12-20,159755,电池ETF,0.672,0.675,0.666,0.67,124121300.0,83254361.97500001,,,,,
2024-12-23,159755,电池ETF,0.67,0.675,0.661,0.662,275211800.0,183566270.60000002,,,,,
2024-12-24,159755,电池ETF,0.664,0.674,0.663,0.673,106871800.0,71443798.30000001,,,,,
2024-12-25,159755,电池ETF,0.675,0.675,0.66,0.663,142394300.0,95154990.97500001,,,,,
2024-12-26,159755,电池ETF,0.663,0.669,0.663,0.664,99656800.0,66246857.8,,,,,
2024-12-27,159755,电池ETF,0.664,0.673,0.661,0.664,216525200.0,144097520.60000002,,,,,
2024-12-30,159755,电池ETF,0.664,0.672,0.664,0.668,277898600.0,185358366.20000002,,,,,
2024-12-31,159755,电池ETF,0.666,0.669,0.652,0.652,127806000.0,84320008.50000001,,,,,
2025-01-02,159755,电池ETF,0.65,0.655,0.625,0.63,161566400.0,103402496.0,,,,,
2025-01-03,159755,电池ETF,0.628,0.634,0.617,0.618,188614000.0,117742289.5,,,,,
2025-01-06,159755,电池ETF,0.62,0.629,0.617,0.622,158836600.0,98796365.2,,,,,
2025-01-07,159755,电池ETF,0.617,0.628,0.613,0.626,162868700.0,101141462.7,,,,,
2025-01-08,159755,电池ETF,0.625,0.625,0.605,0.618,112415000.0,69500573.75,,,,,
2025-01-09,159755,电池ETF,0.615,0.629,0.613,0.625,136782900.0,84873789.45,,,,,
2025-01-10,159755,电池ETF,0.623,0.63,0.618,0.619,100525400.0,62577061.49999999,,,,,
2025-01-13,159755,电池ETF,0.611,0.629,0.611,0.623,92779800.0,57384306.300000004,,,,,
2025-01-14,159755,电池ETF,0.624,0.649,0.62,0.646,168006100.0,106641871.97500001,,,,,
2025-01-15,159755,电池ETF,0.647,0.649,0.638,0.639,116079400.0,74668074.05,,,,,
2025-01-16,159755,电池ETF,0.642,0.652,0.633,0.64,209177100.0,134239403.925,,,,,
2025-01-17,159755,电池ETF,0.64,0.649,0.637,0.644,204524300.0,131406862.75000001,,,,,
2025-01-20,159755,电池ETF,0.649,0.663,0.649,0.658,155457100.0,101785536.225,,,,,
2025-01-21,159755,电池ETF,0.663,0.663,0.651,0.656,116823300.0,76898937.225,,,,,
2025-01-22,159755,电池ETF,0.654,0.656,0.643,0.647,76579000.0,49776350.00000001,,,,,
2025-01-23,159755,电池ETF,0.651,0.658,0.64,0.641,138433000.0,89635367.50000001,,,,,
2025-01-24,159755,电池ETF,0.64,0.655,0.639,0.649,101327400.0,65432168.550000004,,,,,
2025-01-27,159755,电池ETF,0.65,0.654,0.641,0.641,69719900.0,45073915.349999994,,,,,
2025-02-05,159755,电池ETF,0.647,0.652,0.643,0.646,103248100.0,66801520.7,,,,,
2025-02-06,159755,电池ETF,0.646,0.679,0.643,0.679,354341800.0,234485686.15000004,,,,,
2025-02-07,159755,电池ETF,0.681,0.697,0.676,0.693,270969100.0,186088029.425,,,,,
2025-02-10,159755,电池ETF,0.693,0.693,0.677,0.689,404594300.0,278360878.4,,,,,
2025-02-11,159755,电池ETF,0.69,0.692,0.677,0.681,149137100.0,102158913.49999999,,,,,
2025-02-12,159755,电池ETF,0.677,0.699,0.673,0.697,308638200.0,211880124.3,,,,,
2025-02-13,159755,电池ETF,0.696,0.704,0.692,0.692,265446800.0,184750972.79999998,,,,,
2025-02-14,159755,电池ETF,0.693,0.711,0.693,0.707,187182400.0,131214862.39999999,,,,,
2025-02-17,159755,电池ETF,0.709,0.709,0.694,0.7,353821800.0,248736725.39999998,,,,,
2025-02-18,159755,电池ETF,0.706,0.718,0.701,0.706,273387000.0,193489649.25,,,,,
2025-02-19,159755,电池ETF,0.701,0.717,0.7,0.716,249449500.0,176734970.74999997,,,,,
2025-02-20,159755,电池ETF,0.718,0.718,0.706,0.714,239291400.0,170854059.6,,,,,
2025-02-21,159755,电池ETF,0.711,0.734,0.711,0.733,267659900.0,193317362.77499998,,,,,
2025-02-24,159755,电池ETF,0.735,0.738,0.72,0.728,278021700.0,203025346.425,,,,,
2025-02-25,159755,电池ETF,0.718,0.734,0.717,0.725,232553900.0,168252746.65,,,,,
2025-02-26,159755,电池ETF,0.726,0.737,0.723,0.733,291815500.0,212952361.125,,,,,
2025-02-27,159755,电池ETF,0.738,0.746,0.73,0.739,546061200.0,403129680.9,,,,,
2025-02-28,159755,电池ETF,0.739,0.743,0.716,0.718,326778600.0,238221599.39999995,,,,,
2025-03-03,159755,电池ETF,0.727,0.758,0.726,0.744,867611600.0,640948069.5,,,,,
2025-03-04,159755,电池ETF,0.728,0.729,0.715,0.724,414201000.0,299881524.0,,,,,
2025-03-05,159755,电池ETF,0.722,0.726,0.715,0.722,247106200.0,178225346.75,,,,,
2025-03-06,159755,电池ETF,0.726,0.736,0.725,0.734,422553200.0,308569474.29999995,,,,,
2025-03-07,159755,电池ETF,0.729,0.734,0.72,0.723,224077200.0,162792085.79999998,,,,,
2025-03-10,159755,电池ETF,0.725,0.731,0.716,0.724,133079000.0,96349196.0,,,,,
2025-03-11,159755,电池ETF,0.711,0.722,0.711,0.722,133891600.0,95933331.39999999,,,,,
2025-03-12,159755,电池ETF,0.726,0.73,0.72,0.722,150435600.0,108990592.19999999,,,,,
2025-03-13,159755,电池ETF,0.722,0.729,0.714,0.719,247980700.0,178794084.7,,,,,
2025-03-14,159755,电池ETF,0.719,0.74,0.717,0.74,282998300.0,206305760.7,,,,,
2025-03-17,159755,电池ETF,0.742,0.743,0.735,0.737,168527300.0,124583806.52499999,,,,,
2025-03-18,159755,电池ETF,0.741,0.748,0.737,0.737,350904700.0,259932656.525,,,,,
2025-03-19,159755,电池ETF,0.739,0.749,0.732,0.743,358703000.0,265709247.25,,,,,
2025-03-20,159755,电池ETF,0.742,0.746,0.737,0.74,206102600.0,152773552.25,,,,,
2025-03-21,159755,电池ETF,0.735,0.738,0.713,0.716,252740700.0,183363377.85,,,,,
2025-03-24,159755,电池ETF,0.716,0.72,0.706,0.717,179528600.0,128318066.84999998,,,,,
2025-03-25,159755,电池ETF,0.717,0.723,0.71,0.715,112669300.0,80699386.125,,,,,
2025-03-26,159755,电池ETF,0.713,0.723,0.713,0.715,110456300.0,79086710.8,,,,,
2025-03-27,159755,电池ETF,0.714,0.729,0.709,0.72,203584500.0,146173671.0,,,,,
2025-03-28,159755,电池ETF,0.719,0.721,0.71,0.711,105857500.0,75714576.875,,,,,
2025-03-31,159755,电池ETF,0.708,0.709,0.694,0.698,191350000.0,134375537.5,,,,,
2025-04-01,159755,电池ETF,0.7,0.702,0.693,0.695,94673400.0,66034696.5,,,,,
2025-04-02,159755,电池ETF,0.693,0.7,0.69,0.693,75657300.0,52506166.199999996,,,,,
2025-04-03,159755,电池ETF,0.686,0.692,0.68,0.683,191738600.0,131388875.65,,,,,
2025-04-07,159755,电池ETF,0.648,0.649,0.615,0.615,155568900.0,98280652.575,,,,,
2025-04-08,159755,电池ETF,0.602,0.613,0.591,0.602,287684500.0,173186069.0,,,,,
2025-04-09,159755,电池ETF,0.591,0.607,0.575,0.603,477504000.0,283637376.0,,,,,
2025-04-10,159755,电池ETF,0.62,0.633,0.616,0.621,196367900.0,122239017.75000001,,,,,
2025-04-11,159755,电池ETF,0.616,0.639,0.614,0.635,138170700.0,86494858.2,,,,,
2025-04-14,159755,电池ETF,0.645,0.65,0.637,0.638,81375700.0,52283887.25,,,,,
2025-04-15,159755,电池ETF,0.643,0.649,0.638,0.641,138087700.0,88755869.17500001,,,,,
2025-04-16,159755,电池ETF,0.637,0.638,0.622,0.631,83651100.0,52867495.2,,,,,
2025-04-17,159755,电池ETF,0.626,0.634,0.626,0.629,76277000.0,47959163.74999999,,,,,
2025-04-18,159755,电池ETF,0.627,0.633,0.624,0.633,102758500.0,64660786.125,,,,,
2025-04-21,159755,电池ETF,0.633,0.647,0.629,0.646,151875000.0,97010156.24999999,,,,,
2025-04-22,159755,电池ETF,0.647,0.649,0.642,0.645,69333000.0,44771784.75,,,,,
2025-04-23,159755,电池ETF,0.657,0.661,0.65,0.657,127475000.0,83655468.75,,,,,
2025-04-24,159755,电池ETF,0.658,0.664,0.65,0.654,91154200.0,59842732.3,,,,,
2025-04-25,159755,电池ETF,0.655,0.662,0.653,0.658,106064100.0,69684113.7,,,,,
2025-04-28,159755,电池ETF,0.656,0.656,0.644,0.647,116595100.0,75874261.325,,,,,
2025-04-29,159755,电池ETF,0.645,0.65,0.643,0.646,47248300.0,30522401.799999997,,,,,
2025-04-30,159755,电池ETF,0.646,0.651,0.644,0.65,51172100.0,33146727.775000002,,,,,
2025-05-06,159755,电池ETF,0.652,0.662,0.652,0.662,71827500.0,47190667.5,,,,,
2025-05-07,159755,电池ETF,0.667,0.674,0.657,0.663,107040300.0,71208559.575,,,,,
2025-05-08,159755,电池ETF,0.661,0.675,0.658,0.67,122130200.0,81338713.2,,,,,
2025-05-09,159755,电池ETF,0.671,0.675,0.664,0.674,89511700.0,60062350.70000001,,,,,
2025-05-12,159755,电池ETF,0.682,0.691,0.678,0.691,146296900.0,100286524.95,,,,,
2025-05-13,159755,电池ETF,0.7,0.7,0.684,0.686,121919800.0,84429461.50000001,,,,,
2025-05-14,159755,电池ETF,0.685,0.697,0.683,0.693,116511900.0,80334955.05,,,,,
2025-05-15,159755,电池ETF,0.692,0.694,0.683,0.683,91874000.0,63209311.99999999,,,,,
2025-05-16,159755,电池ETF,0.682,0.694,0.681,0.691,95821300.0,65829233.10000001,,,,,
2025-05-19,159755,电池ETF,0.691,0.692,0.679,0.687,67165400.0,46159421.150000006,,,,,
2025-05-20,159755,电池ETF,0.69,0.698,0.685,0.696,120437800.0,83373067.05,,,,,
2025-05-21,159755,电池ETF,0.696,0.716,0.693,0.711,403712400.0,284213529.6,,,,,
2025-05-22,159755,电池ETF,0.709,0.71,0.699,0.7,190665500.0,134323844.74999997,,,,,
2025-05-23,159755,电池ETF,0.698,0.714,0.698,0.699,156243300.0,109721857.42499998,,,,,
2025-05-26,159755,电池ETF,0.695,0.696,0.676,0.68,122387800.0,84049821.64999999,,,,,
2025-05-27,159755,电池ETF,0.677,0.68,0.669,0.676,117219800.0,79181974.9,,,,,
2025-05-28,159755,电池ETF,0.675,0.677,0.666,0.667,113269000.0,76031816.25,,,,,
2025-05-29,159755,电池ETF,0.665,0.675,0.663,0.672,82460900.0,55145726.875000015,,,,,
2025-05-30,159755,电池ETF,0.67,0.67,0.659,0.661,82692700.0,54990645.5,,,,,
2025-06-03,159755,电池ETF,0.66,0.666,0.658,0.663,47392700.0,31362119.224999998,,,,,
2025-06-04,159755,电池ETF,0.667,0.676,0.666,0.674,90263300.0,60544108.47500001,,,,,
2025-06-05,159755,电池ETF,0.673,0.676,0.667,0.674,78163500.0,52564953.75000001,,,,,
2025-06-06,159755,电池ETF,0.674,0.677,0.669,0.671,65991200.0,44395579.800000004,,,,,
2025-06-09,159755,电池ETF,0.671,0.676,0.667,0.67,111911400.0,75092549.4,,,,,
2025-06-10,159755,电池ETF,0.67,0.676,0.66,0.667,99890800.0,66752027.10000001,,,,,
2025-06-11,159755,电池ETF,0.667,0.686,0.667,0.681,179224200.0,121021141.05000003,,,,,
2025-06-12,159755,电池ETF,0.678,0.679,0.671,0.676,68077800.0,46020592.80000001,,,,,
2025-06-13,159755,电池ETF,0.673,0.674,0.663,0.666,113621300.0,76012649.7,,,,,
2025-06-16,159755,电池ETF,0.666,0.666,0.662,0.665,55979500.0,37212372.625,,,,,
2025-06-17,159755,电池ETF,0.665,0.673,0.663,0.669,81929900.0,54688208.25,,,,,
2025-06-18,159755,电池ETF,0.668,0.671,0.663,0.671,64001600.0,42769069.2,,,,,
2025-06-19,159755,电池ETF,0.67,0.68,0.664,0.666,151167400.0,101282158.0,,,,,
2025-06-20,159755,电池ETF,0.663,0.674,0.66,0.661,85777200.0,56998949.400000006,,,,,
2025-06-23,159755,电池ETF,0.66,0.674,0.657,0.674,146810900.0,97812762.125,,,,,
2025-06-24,159755,电池ETF,0.675,0.696,0.675,0.695,239984100.0,164449104.52499998,,,,,
2025-06-25,159755,电池ETF,0.699,0.71,0.697,0.709,415928500.0,292709681.875,,,,,
2025-06-26,159755,电池ETF,0.709,0.716,0.702,0.703,248995800.0,176164528.5,,,,,
2025-06-27,159755,电池ETF,0.704,0.715,0.699,0.701,306501300.0,216006791.17499995,,,,,
2025-06-30,159755,电池ETF,0.702,0.705,0.698,0.705,166998700.0,117316586.75,,,,,
2025-07-01,159755,电池ETF,0.704,0.705,0.692,0.701,174131500.0,121979115.74999999,,,,,
2025-07-02,159755,电池ETF,0.7,0.7,0.693,0.697,318831500.0,222384971.24999997,,,,,
2025-07-03,159755,电池ETF,0.699,0.713,0.696,0.711,238266100.0,167918033.975,,,,,
2025-07-04,159755,电池ETF,0.711,0.712,0.7,0.7,587613200.0,414708015.90000004,,,,,
2025-07-07,159755,电池ETF,0.7,0.703,0.694,0.696,88407400.0,61730467.05,,,,,
2025-07-08,159755,电池ETF,0.695,0.711,0.695,0.706,194095200.0,136206306.59999996,,,,,
2025-07-09,159755,电池ETF,0.708,0.713,0.703,0.705,169314100.0,119747397.225,,,,,
2025-07-10,159755,电池ETF,0.703,0.708,0.699,0.705,158290400.0,111396868.99999999,,,,,
2025-07-11,159755,电池ETF,0.704,0.716,0.701,0.707,243075400.0,171854307.79999998,,,,,
2025-07-14,159755,电池ETF,0.709,0.715,0.704,0.706,162746900.0,115306178.64999999,,,,,
2025-07-15,159755,电池ETF,0.704,0.713,0.698,0.703,220326600.0,155220089.70000002,,,,,
2025-07-16,159755,电池ETF,0.703,0.709,0.702,0.704,129212100.0,91029924.45,,,,,
2025-07-17,159755,电池ETF,0.705,0.717,0.704,0.716,267791200.0,190265647.59999996,,,,,
2025-07-18,159755,电池ETF,0.718,0.728,0.716,0.724,291397500.0,210243296.25,,,,,
2025-07-21,159755,电池ETF,0.725,0.734,0.722,0.733,184940200.0,134728935.70000002,,,,,
2025-07-22,159755,电池ETF,0.733,0.748,0.73,0.744,248197900.0,183356198.62499997,,,,,
2025-07-23,159755,电池ETF,0.746,0.749,0.737,0.737,237600300.0,176358822.675,,,,,
2025-07-24,159755,电池ETF,0.737,0.761,0.737,0.759,343182800.0,256872325.8,,,,,
2025-07-25,159755,电池ETF,0.757,0.76,0.751,0.754,169812700.0,128293494.85,,,,,
2025-07-28,159755,电池ETF,0.751,0.763,0.747,0.762,152254300.0,115066187.225,,,,,
2025-07-29,159755,电池ETF,0.762,0.763,0.755,0.761,142342700.0,108216037.675,,,,,
2025-07-30,159755,电池ETF,0.759,0.76,0.735,0.74,438467500.0,328192923.75,,,,,
2025-07-31,159755,电池ETF,0.74,0.74,0.717,0.72,275391600.0,200829324.3,,,,,
2025-08-01,159755,电池ETF,0.719,0.726,0.713,0.719,183794400.0,132194122.19999999,,,,,
2025-08-04,159755,电池ETF,0.715,0.721,0.709,0.72,207383100.0,148538145.375,,,,,
2025-08-05,159755,电池ETF,0.722,0.725,0.718,0.721,298296900.0,215221213.35000002,,,,,
2025-08-06,159755,电池ETF,0.722,0.726,0.717,0.725,359035000.0,259402787.5,,,,,
2025-08-07,159755,电池ETF,0.727,0.729,0.717,0.724,282524400.0,204618296.70000002,,,,,
2025-08-08,159755,电池ETF,0.723,0.727,0.72,0.722,116820300.0,84461076.89999999,,,,,
2025-08-11,159755,电池ETF,0.731,0.745,0.727,0.745,379081700.0,279383212.9,,,,,
2025-08-12,159755,电池ETF,0.743,0.743,0.731,0.74,492235000.0,363884723.75,,,,,
2025-08-13,159755,电池ETF,0.74,0.751,0.739,0.749,306351500.0,228155279.62499997,,,,,
2025-08-14,159755,电池ETF,0.751,0.753,0.737,0.742,356813600.0,266093742.20000002,,,,,
2025-08-15,159755,电池ETF,0.739,0.76,0.738,0.759,245656700.0,183996868.3,,,,,
2025-08-18,159755,电池ETF,0.764,0.777,0.761,0.77,290055200.0,222762393.6,,,,,
2025-08-19,159755,电池ETF,0.769,0.779,0.758,0.771,217414600.0,167246181.05,,,,,
2025-08-20,159755,电池ETF,0.767,0.778,0.762,0.777,197381200.0,152180905.20000002,,,,,
2025-08-21,159755,电池ETF,0.777,0.782,0.767,0.772,249129600.0,192950875.2,,,,,
2025-08-22,159755,电池ETF,0.77,0.791,0.768,0.79,369260700.0,287931030.825,,,,,
2025-08-25,159755,电池ETF,0.798,0.811,0.793,0.803,452151900.0,362286709.875,,,,,
2025-08-26,159755,电池ETF,0.802,0.808,0.793,0.801,206368200.0,165300928.20000002,,,,,
2025-08-27,159755,电池ETF,0.8,0.821,0.791,0.791,618956300.0,495629257.22499996,,,,,
2025-08-28,159755,电池ETF,0.784,0.8,0.777,0.8,528207500.0,417415976.87500006,,,,,
2025-08-29,159755,电池ETF,0.801,0.861,0.801,0.845,1334357300.0,1103513487.1,,,,,
2025-09-01,159755,电池ETF,0.845,0.854,0.838,0.853,1243199700.0,1053611745.75,,,,,
2025-09-02,159755,电池ETF,0.855,0.865,0.836,0.848,1330498700.0,1132254393.6999998,,,,,
2025-09-03,159755,电池ETF,0.851,0.872,0.846,0.855,1260511000.0,1078997416.0,,,,,
2025-09-04,159755,电池ETF,0.856,0.89,0.833,0.847,1374551500.0,1177303359.75,,,,,
2025-09-05,159755,电池ETF,0.85,0.932,0.848,0.932,2640386400.0,2351264089.2,,,,,
2025-09-08,159755,电池ETF,0.938,0.968,0.923,0.951,3272424900.0,3092441530.5,,,,,
2025-09-09,159755,电池ETF,0.932,0.957,0.928,0.941,1986863100.0,1866657882.45,,,,,
2025-09-10,159755,电池ETF,0.917,0.939,0.917,0.93,1658869700.0,1535698624.775,,,,,
2025-09-11,159755,电池ETF,0.923,0.949,0.916,0.947,1583444200.0,1478541021.75,,,,,
2025-09-12,159755,电池ETF,0.95,0.959,0.933,0.944,1465006000.0,1386628178.9999998,,,,,
2025-09-15,159755,电池ETF,0.954,1.0,0.954,0.967,1575223800.0,1525998056.25,,,,,
2025-09-16,159755,电池ETF,0.968,0.974,0.945,0.97,1248213500.0,1203589867.375,,,,,
2025-09-17,159755,电池ETF,0.971,0.997,0.961,0.99,1529767100.0,1498789316.225,,,,,
2025-09-18,159755,电池ETF,0.989,1.003,0.965,0.982,1642494600.0,1617446557.35,,,,,
2025-09-19,159755,电池ETF,0.975,1.0,0.97,0.978,1250216500.0,1226149832.375,,,,,
2025-09-22,159755,电池ETF,0.981,0.992,0.968,0.985,991530000.0,973186695.0,,,,,
2025-09-23,159755,电池ETF,0.984,1.013,0.972,0.998,1706862200.0,1692780586.8500001,,,,,
2025-09-24,159755,电池ETF,0.988,1.028,0.985,1.028,1303476400.0,1312926603.8999999,,,,,
2025-09-25,159755,电池ETF,1.028,1.061,1.025,1.041,1263982700.0,1312962029.6249998,,,,,
2025-09-26,159755,电池ETF,1.031,1.059,1.023,1.026,946044600.0,978919649.8499999,,,,,
2025-09-29,159755,电池ETF,1.044,1.085,1.043,1.076,1406270300.0,1493459058.6000001,,,,,
2025-09-30,159755,电池ETF,1.088,1.118,1.071,1.112,1747648600.0,1917607426.3500001,,,,,
2025-10-09,159755,电池ETF,1.127,1.153,1.114,1.136,1998049100.0,2262790605.75,,,,,
2025-10-10,159755,电池ETF,1.13,1.13,1.05,1.057,2954496000.0,3225571008.0,,,,,
2025-10-13,159755,电池ETF,1.0,1.076,0.998,1.073,2302159700.0,2386764068.975,,,,,
2025-10-14,159755,电池ETF,1.086,1.09,1.013,1.022,1911970000.0,2012826417.5000002,,,,,
2025-10-15,159755,电池ETF,1.017,1.044,1.007,1.043,1273797700.0,1309145586.175,,,,,
2025-10-16,159755,电池ETF,1.035,1.058,1.028,1.041,991657100.0,1031819212.5499997,,,,,
2025-10-17,159755,电池ETF,1.037,1.048,0.997,0.998,1056828600.0,1077965172.0,,,,,
2025-10-20,159755,电池ETF,1.014,1.031,1.005,1.013,1108387900.0,1125845009.425,,,,,
2025-10-21,159755,电池ETF,1.023,1.035,1.011,1.03,989880200.0,1014379734.95,,,,,
2025-10-22,159755,电池ETF,1.02,1.027,1.004,1.017,585425600.0,595377835.1999999,,,,,
2025-10-23,159755,电池ETF,1.008,1.032,1.0,1.03,1024759500.0,1042692791.2500001,,,,,
2025-10-24,159755,电池ETF,1.036,1.048,1.03,1.047,1231514300.0,1281082750.575,,,,,
2025-10-27,159755,电池ETF,1.062,1.069,1.04,1.056,1115750000.0,1179068812.5,,,,,
2025-10-28,159755,电池ETF,1.054,1.076,1.048,1.064,1119928800.0,1187684492.4000003,,,,,
2025-10-29,159755,电池ETF,1.061,1.108,1.058,1.108,1411586700.0,1529807086.125,,,,,
2025-10-30,159755,电池ETF,1.109,1.137,1.104,1.115,1830896500.0,2043738218.125,,,,,
2025-10-31,159755,电池ETF,1.107,1.155,1.107,1.11,1692318900.0,1894974088.275,,,,,
2025-11-03,159755,电池ETF,1.102,1.106,1.062,1.089,1400450400.0,1526140823.4,,,,,
2025-11-04,159755,电池ETF,1.079,1.092,1.047,1.055,1098336000.0,1173297432.0,,,,,
2025-11-05,159755,电池ETF,1.028,1.087,1.028,1.076,1354884400.0,1429064320.8999999,,,,,
2025-11-06,159755,电池ETF,1.077,1.102,1.075,1.101,924503700.0,1006553403.3750001,,,,,
2025-11-07,159755,电池ETF,1.098,1.132,1.085,1.121,1247668000.0,1383663812.0,,,,,
2025-11-10,159755,电池ETF,1.131,1.141,1.093,1.101,1589015000.0,1774135247.5,,,,,
2025-11-11,159755,电池ETF,1.101,1.117,1.09,1.094,816777700.0,898863858.85,,,,,
2025-11-12,159755,电池ETF,1.083,1.096,1.06,1.079,894409000.0,965514515.4999999,,,,,
2025-11-13,159755,电池ETF,1.076,1.165,1.076,1.156,2240544400.0,2505488775.3,,,,,
2025-11-14,159755,电池ETF,1.134,1.142,1.121,1.121,1201468700.0,1357058896.6499999,,,,,
2025-11-17,159755,电池ETF,1.119,1.145,1.11,1.138,1349101200.0,1521786153.6,,,,,
2025-11-18,159755,电池ETF,1.137,1.144,1.084,1.092,1379979300.0,1537641935.0250003,,,,,
2025-11-19,159755,电池ETF,1.087,1.114,1.087,1.102,945231900.0,1037392010.2499999,,,,,
2025-11-20,159755,电池ETF,1.108,1.121,1.077,1.08,863493600.0,946820732.4,,,,,
2025-11-21,159755,电池ETF,1.047,1.055,1.013,1.015,1385961700.0,1431005455.25,,,,,
2025-11-24,159755,电池ETF,1.022,1.025,0.99,1.007,901846800.0,911767114.8,,,,,
2025-11-25,159755,电池ETF,1.018,1.032,1.009,1.027,784695000.0,801565942.5,,,,,
2025-11-26,159755,电池ETF,1.03,1.037,1.017,1.024,580071900.0,595733841.3000001,,,,,
2025-11-27,159755,电池ETF,1.022,1.049,1.02,1.024,812512200.0,835871925.75,,,,,
2025-11-28,159755,电池ETF,1.017,1.049,1.017,1.041,626564500.0,645987999.5,,,,,
2025-12-01,159755,电池ETF,1.048,1.065,1.045,1.052,527965700.0,555683899.25,,,,,
2025-12-02,159755,电池ETF,1.049,1.05,1.032,1.036,440754800.0,459156312.9,,,,,
2025-12-03,159755,电池ETF,1.04,1.044,1.016,1.022,521817300.0,537732727.65,,,,,
2025-12-04,159755,电池ETF,1.023,1.035,1.017,1.031,441528800.0,453229313.2,,,,,
2025-12-05,159755,电池ETF,1.031,1.039,1.02,1.036,410795600.0,423735661.3999999,,,,,
2025-12-08,159755,电池ETF,1.038,1.062,1.034,1.058,576135800.0,603790318.4,,,,,
2025-12-09,159755,电池ETF,1.055,1.059,1.04,1.046,480114500.0,504120225.0,,,,,
2025-12-10,159755,电池ETF,1.043,1.052,1.03,1.046,456934600.0,476468554.15000004,,,,,
2025-12-11,159755,电池ETF,1.05,1.067,1.038,1.039,596797300.0,625741969.05,,,,,
2025-12-12,159755,电池ETF,1.043,1.048,1.018,1.035,882434700.0,914202349.2,,,,,
2025-12-15,159755,电池ETF,1.028,1.04,1.013,1.017,534547400.0,547643811.3,,,,,
2025-12-16,159755,电池ETF,1.016,1.017,0.988,0.997,520605500.0,522948224.75,,,,,
2025-12-17,159755,电池ETF,0.998,1.03,0.998,1.028,726632800.0,736442342.8000001,,,,,
2025-12-18,159755,电池ETF,1.02,1.029,1.007,1.008,457236000.0,464551776.0,,,,,
2025-12-19,159755,电池ETF,1.012,1.025,1.006,1.018,524079500.0,532071712.375,,,,,
2025-12-22,159755,电池ETF,1.023,1.037,1.023,1.031,493995600.0,508074474.59999996,,,,,
2025-12-23,159755,电池ETF,1.035,1.066,1.033,1.055,822286000.0,861139013.5,,,,,
2025-12-24,159755,电池ETF,1.056,1.066,1.051,1.06,464432800.0,491486010.6000001,,,,,
2025-12-25,159755,电池ETF,1.054,1.062,1.045,1.059,434667200.0,458573896.0,,,,,
2025-12-26,159755,电池ETF,1.072,1.097,1.069,1.084,756871600.0,817799763.8000001,,,,,
2025-12-29,159755,电池ETF,1.081,1.083,1.058,1.063,952953400.0,1020851329.75,,,,,
2025-12-30,159755,电池ETF,1.046,1.084,1.042,1.078,765685400.0,813540737.5,,,,,
2025-12-31,159755,电池ETF,1.08,1.084,1.065,1.07,338641400.0,363954844.65000004,,,,,
2026-01-05,159755,电池ETF,1.076,1.093,1.071,1.091,628832300.0,680868172.8249999,,,,,
2026-01-06,159755,电池ETF,1.1,1.114,1.096,1.109,656232500.0,724972854.3750001,,,,,
2026-01-07,159755,电池ETF,1.109,1.126,1.094,1.104,726519000.0,805164681.75,,,,,
2026-01-08,159755,电池ETF,1.098,1.109,1.081,1.093,756161100.0,828185444.7750001,,,,,
2026-01-09,159755,电池ETF,1.09,1.115,1.083,1.105,676467600.0,742930541.7000002,,,,,
2026-01-12,159755,电池ETF,1.106,1.112,1.077,1.097,1135465600.0,1246741228.8000002,,,,,
2026-01-13,159755,电池ETF,1.097,1.116,1.088,1.092,923048700.0,1013738234.7750002,,,,,
2026-01-14,159755,电池ETF,1.092,1.114,1.074,1.085,857265200.0,935490649.5,,,,,
2026-01-15,159755,电池ETF,1.085,1.117,1.082,1.109,903204300.0,991944122.4749999,,,,,
2026-01-16,159755,电池ETF,1.118,1.127,1.108,1.112,643757100.0,718593862.875,,,,,
2026-01-19,159755,电池ETF,1.111,1.123,1.105,1.113,419654300.0,467075235.9,,,,,
2026-01-20,159755,电池ETF,1.118,1.122,1.08,1.092,621263100.0,685253199.3,,,,,
2026-01-21,159755,电池ETF,1.085,1.116,1.085,1.108,464926900.0,510722199.65000004,,,,,
2026-01-22,159755,电池ETF,1.114,1.122,1.09,1.097,567471700.0,627481832.275,,,,,
2026-01-23,159755,电池ETF,1.097,1.123,1.093,1.121,651017900.0,721653342.15,,,,,
2026-01-26,159755,电池ETF,1.135,1.141,1.108,1.111,634654000.0,713192432.5,,,,,
2026-01-27,159755,电池ETF,1.11,1.112,1.07,1.094,595227500.0,652666953.75,,,,,
2026-01-28,159755,电池ETF,1.095,1.095,1.071,1.09,729780300.0,793818521.325,,,,,
2026-01-29,159755,电池ETF,1.087,1.094,1.068,1.073,715285600.0,772866090.8000002,,,,,
2026-01-30,159755,电池ETF,1.069,1.069,1.031,1.058,728099100.0,769418723.925,,,,,
2026-02-02,159755,电池ETF,1.04,1.061,1.028,1.03,519232600.0,539872095.8500001,,,,,
2026-02-03,159755,电池ETF,1.041,1.051,1.027,1.05,456421500.0,475705308.37500006,,,,,
2026-02-04,159755,电池ETF,1.05,1.066,1.043,1.064,520202600.0,549203894.9499999,,,,,
2026-02-05,159755,电池ETF,1.055,1.06,1.034,1.041,394411800.0,413146360.50000006,,,,,
2026-02-06,159755,电池ETF,1.03,1.073,1.023,1.06,589776200.0,617200793.3,,,,,
2026-02-09,159755,电池ETF,1.075,1.08,1.062,1.071,344493200.0,369296710.40000004,,,,,
2026-02-10,159755,电池ETF,1.071,1.074,1.063,1.067,450788200.0,481779888.74999994,,,,,
2026-02-11,159755,电池ETF,1.069,1.094,1.067,1.09,569087500.0,614614500.0,,,,,
2026-02-12,159755,电池ETF,1.091,1.104,1.088,1.101,444405000.0,487067880.00000006,,,,,
2026-02-13,159755,电池ETF,1.089,1.101,1.084,1.088,309014100.0,336979876.05,,,,,
2026-02-24,159755,电池ETF,1.106,1.108,1.091,1.095,355754800.0,391330280.00000006,,,,,
2026-02-25,159755,电池ETF,1.096,1.127,1.095,1.118,615332200.0,682403409.8,,,,,
2026-02-26,159755,电池ETF,1.127,1.128,1.093,1.097,432972000.0,481140135.00000006,,,,,
2026-02-27,159755,电池ETF,1.089,1.101,1.086,1.1,423911100.0,463758743.40000004,,,,,
2026-03-02,159755,电池ETF,1.089,1.107,1.082,1.101,446043700.0,488306340.5749999,,,,,
2026-03-03,159755,电池ETF,1.103,1.11,1.066,1.068,643063000.0,698848715.2500001,,,,,
2026-03-04,159755,电池ETF,1.046,1.079,1.045,1.067,401774300.0,425579427.27500004,,,,,
2026-03-05,159755,电池ETF,1.083,1.085,1.061,1.069,268465800.0,288466502.1,,,,,
2026-03-06,159755,电池ETF,1.073,1.073,1.056,1.064,286983700.0,306068116.05,,,,,
2026-03-09,159755,电池ETF,1.045,1.078,1.029,1.073,383220100.0,404776230.62499994,,,,,
2026-03-10,159755,电池ETF,1.086,1.1,1.083,1.094,442685800.0,482859536.35,,,,,
2026-03-11,159755,电池ETF,1.098,1.136,1.092,1.123,928974100.0,1033251442.7249999,,,,,
2026-03-12,159755,电池ETF,1.126,1.131,1.115,1.129,433923100.0,488271968.27500004,,,,,
2026-03-13,159755,电池ETF,1.122,1.151,1.121,1.124,471876700.0,532984732.6500001,,,,,
2026-03-16,159755,电池ETF,1.12,1.135,1.107,1.13,717222100.0,805440418.3,,,,,
2026-03-17,159755,电池ETF,1.135,1.141,1.102,1.102,605574600.0,678243552.0000001,,,,,
2026-03-18,159755,电池ETF,1.102,1.109,1.075,1.092,486534600.0,532512119.7,,,,,
2026-03-19,159755,电池ETF,1.077,1.091,1.058,1.066,577900400.0,620087129.1999999,,,,,
2026-03-20,159755,电池ETF,1.064,1.113,1.064,1.082,726628500.0,785303751.3750001,,,,,
2026-03-23,159755,电池ETF,1.071,1.108,1.065,1.078,853067600.0,921739541.8000001,,,,,
2026-03-24,159755,电池ETF,1.086,1.087,1.035,1.076,831837800.0,890898283.8,,,,,
2026-03-25,159755,电池ETF,1.08,1.096,1.074,1.091,453772500.0,492456605.625,,,,,
2026-03-26,159755,电池ETF,1.091,1.12,1.084,1.096,635843500.0,697997202.125,,,,,
2026-03-27,159755,电池ETF,1.085,1.132,1.082,1.123,1163104500.0,1285812024.75,,,,,
2026-03-30,159755,电池ETF,1.12,1.129,1.098,1.117,893143600.0,996748257.6000001,,,,,
2026-03-31,159755,电池ETF,1.117,1.119,1.083,1.083,786550200.0,865598495.1,,,,,
2026-04-01,159755,电池ETF,1.098,1.101,1.077,1.087,361025000.0,393788018.74999994,,,,,
2026-04-02,159755,电池ETF,1.081,1.098,1.062,1.074,435859700.0,470183651.37500006,,,,,
2026-04-03,159755,电池ETF,1.07,1.079,1.044,1.046,419548700.0,444616734.8250001,,,,,
2026-04-07,159755,电池ETF,1.05,1.062,1.04,1.05,302388000.0,317658594.0,,,,,
2026-04-08,159755,电池ETF,1.066,1.09,1.065,1.09,462141100.0,498072570.525,,,,,
2026-04-09,159755,电池ETF,1.09,1.1,1.073,1.084,313417500.0,340606468.12500006,,,,,
2026-04-10,159755,电池ETF,1.09,1.139,1.09,1.132,989894200.0,1101504771.05,,,,,
2026-04-13,159755,电池ETF,1.124,1.16,1.124,1.155,882488400.0,1006698642.3000002,,,,,
2026-04-14,159755,电池ETF,1.157,1.179,1.143,1.179,1059707500.0,1234029383.75,,,,,
2026-04-15,159755,电池ETF,1.186,1.188,1.15,1.154,1010759200.0,1182082884.3999999,,,,,
2026-04-16,159755,电池ETF,1.168,1.198,1.16,1.193,969145700.0,1143349639.5749998,,,,,
2026-04-17,159755,电池ETF,1.192,1.202,1.181,1.187,562473200.0,669624344.6,,,,,
2026-04-20,159755,电池ETF,1.18,1.188,1.167,1.181,1241502400.0,1463731329.5999997,,,,,
2026-04-21,159755,电池ETF,1.185,1.206,1.163,1.2,777266500.0,923781235.2499999,,,,,
2026-04-22,159755,电池ETF,1.194,1.214,1.19,1.201,748051200.0,897474427.1999999,,,,,
2026-04-23,159755,电池ETF,1.202,1.205,1.166,1.173,886882900.0,1052286560.8500001,,,,,
2026-04-24,159755,电池ETF,1.17,1.209,1.165,1.202,872617800.0,1035361019.7,,,,,
2026-04-27,159755,电池ETF,1.202,1.217,1.198,1.208,599445400.0,723081013.75,,,,,
2026-04-28,159755,电池ETF,1.206,1.206,1.18,1.184,731928900.0,873923106.5999999,,,,,
2026-04-29,159755,电池ETF,1.174,1.25,1.174,1.25,1126162300.0,1364908707.6,,,,,
2026-04-30,159755,电池ETF,1.238,1.247,1.224,1.23,1079046500.0,1332352665.875,,,,,
2026-05-06,159755,电池ETF,1.246,1.274,1.23,1.27,1149075700.0,1442090003.4999998,,,,,
2026-05-07,159755,电池ETF,1.27,1.273,1.241,1.255,1122118900.0,1413589284.2749999,,,,,
2026-05-08,159755,电池ETF,1.245,1.263,1.22,1.221,1067596400.0,1320883645.8999999,,,,,
2026-05-11,159755,电池ETF,1.22,1.236,1.208,1.231,912852200.0,1117102879.75,,,,,
2026-05-12,159755,电池ETF,1.232,1.233,1.193,1.207,932671400.0,1134361590.25,,,,,
2026-05-13,159755,电池ETF,1.2,1.211,1.193,1.209,810250400.0,974933793.8000001,,,,,
2026-05-14,159755,电池ETF,1.211,1.217,1.174,1.174,862835600.0,1030225706.4,,,,,
2026-05-15,159755,电池ETF,1.173,1.193,1.161,1.168,918623700.0,1078234567.875,,,,,
2026-05-18,159755,电池ETF,1.162,1.177,1.147,1.164,662646100.0,770326091.2499999,,,,,
2026-05-19,159755,电池ETF,1.16,1.163,1.135,1.158,715592500.0,825793744.9999999,,,,,
2026-05-20,159755,电池ETF,1.149,1.181,1.142,1.168,1315284700.0,1525730252.0000002,,,,,
2026-05-21,159755,电池ETF,1.173,1.194,1.147,1.15,903053600.0,1052960497.5999999,,,,,
2026-05-22,159755,电池ETF,1.154,1.17,1.14,1.169,535943300.0,620756327.225,,,,,
2026-05-25,159755,电池ETF,1.17,1.174,1.136,1.147,727433800.0,841459048.15,,,,,
2026-05-26,159755,电池ETF,1.142,1.162,1.135,1.15,763014600.0,875368499.8499999,,,,,
2026-05-27,159755,电池ETF,1.151,1.178,1.138,1.146,874594400.0,1008625991.8,,,,,
2026-05-28,159755,电池ETF,1.148,1.151,1.12,1.147,790319900.0,902150165.85,,,,,
2026-05-29,159755,电池ETF,1.151,1.158,1.121,1.129,743876700.0,847833468.825,,,,,
2026-06-01,159755,电池ETF,1.132,1.144,1.107,1.107,591887900.0,664394167.75,,,,,
2026-06-02,159755,电池ETF,1.112,1.123,1.088,1.12,661351200.0,734595845.4000001,,,,,
2026-06-03,159755,电池ETF,1.112,1.125,1.098,1.108,470389100.0,522484692.82500005,,,,,
2026-06-04,159755,电池ETF,1.096,1.099,1.083,1.088,474303500.0,517702270.25000006,,,,,
2026-06-05,159755,电池ETF,1.085,1.096,1.068,1.075,1313502600.0,1419896310.6,,,,,
2026-06-08,159755,电池ETF,1.05,1.066,1.028,1.04,587729400.0,614764952.3999999,,,,,
2026-06-09,159755,电池ETF,1.052,1.075,1.034,1.069,477439600.0,504892376.99999994,,,,,
2026-06-10,159755,电池ETF,1.059,1.067,1.037,1.047,493086400.0,518973436.0,,,,,
2026-06-11,159755,电池ETF,1.041,1.068,1.037,1.055,525959600.0,552389069.9000001,,,,,
2026-06-12,159755,电池ETF,1.065,1.095,1.058,1.08,748319100.0,804068872.95,,,,,
2026-06-15,159755,电池ETF,1.094,1.106,1.084,1.106,658298900.0,722483042.7500001,,,,,
2026-06-16,159755,电池ETF,1.119,1.143,1.109,1.134,648217300.0,730054734.125,,,,,
2026-06-17,159755,电池ETF,1.127,1.141,1.121,1.134,508377600.0,574847971.1999999,,,,,
2026-06-18,159755,电池ETF,1.125,1.137,1.112,1.133,549129300.0,618731438.775,,,,,
2026-06-22,159755,电池ETF,1.121,1.173,1.11,1.173,787134400.0,900678537.2,,,,,
2026-06-23,159755,电池ETF,1.176,1.176,1.111,1.117,754069500.0,863409577.5,,,,,
2026-06-24,159755,电池ETF,1.11,1.142,1.096,1.133,582117000.0,652116569.25,,,,,
2026-06-25,159755,电池ETF,1.125,1.136,1.118,1.127,484850300.0,546183862.95,,,,,
2026-06-26,159755,电池ETF,1.123,1.127,1.061,1.063,585451100.0,640190777.8499999,,,,,
2026-06-29,159755,电池ETF,1.063,1.079,1.05,1.074,453439000.0,483592693.5,,,,,
2026-06-30,159755,电池ETF,1.068,1.102,1.068,1.1,372752100.0,404249652.4500001,,,,,
2026-07-01,159755,电池ETF,1.101,1.112,1.075,1.099,395078700.0,433302564.225,,,,,
2026-07-02,159755,电池ETF,1.09,1.119,1.083,1.088,493526100.0,540411079.5,,,,,
2026-07-03,159755,电池ETF,1.087,1.105,1.084,1.097,360973500.0,394634278.875,,,,,
2026-07-06,159755,电池ETF,1.089,1.105,1.065,1.065,340881100.0,368492469.09999996,,,,,
2026-07-07,159755,电池ETF,1.065,1.08,1.049,1.053,293213200.0,311319115.09999996,,,,,
2026-07-08,159755,电池ETF,1.053,1.053,1.004,1.006,464423000.0,477891266.99999994,,,,,
2026-07-09,159755,电池ETF,1.0,1.007,0.965,1.004,688186300.0,684057182.2,,,,,
2026-07-10,159755,电池ETF,1.003,1.008,0.978,0.978,504726400.0,500562407.1999999,,,,,
2026-07-13,159755,电池ETF,0.966,0.969,0.936,0.938,497772600.0,474003958.34999996,,,,,
2026-07-14,159755,电池ETF,0.934,0.966,0.929,0.964,432718100.0,410324938.325,,,,,
2026-07-15,159755,电池ETF,0.967,0.981,0.957,0.958,385478400.0,372275764.79999995,,,,,
2026-07-16,159755,电池ETF,0.945,0.959,0.938,0.941,405229800.0,383246083.34999996,,,,,
2026-07-17,159755,电池ETF,0.935,0.951,0.91,0.919,480507900.0,446271712.12500006,,,,,
2026-07-20,159755,电池ETF,0.915,0.923,0.88,0.893,538842500.0,486440066.87499994,,,,,
2026-07-21,159755,电池ETF,0.893,0.936,0.893,0.936,584507200.0,534531834.40000004,,,,,
2026-07-22,159755,电池ETF,0.929,0.932,0.905,0.914,472238100.0,434459051.99999994,,,,,
2026-07-23,159755,电池ETF,0.911,0.944,0.906,0.944,597563200.0,553492914.0,,,,,
2026-07-24,159755,电池ETF,0.93,0.943,0.92,0.92,403883500.0,374904858.875,,,,,
2026-07-27,159755,电池ETF,0.935,0.95,0.928,0.95,684109400.0,643575918.05,,,,,
2026-07-28,159755,电池ETF,0.936,0.948,0.926,0.928,423914700.0,396148287.15000004,,,,,
2026-07-29,159755,电池ETF,0.928,0.95,0.909,0.941,586246400.0,546381644.8,,,,,
2026-07-30,159755,电池ETF,0.932,0.95,0.925,0.94,406225400.0,380531643.45,,,,,
2026-07-31,159755,电池ETF,0.943,0.958,0.94,0.945,450079900.0,426000625.35,,,,,
2026-08-03,159755,电池ETF,0.944,0.945,0.93,0.939,298237700.0,280194319.15,,,,,
2026-08-04,159755,电池ETF,0.944,0.951,0.934,0.947,337130400.0,318251097.6,,,,,
2026-08-05,159755,电池ETF,0.948,0.974,0.944,0.971,468297400.0,449214280.95,,,,,
2026-08-06,159755,电池ETF,0.972,0.973,0.948,0.96,722958900.0,696390160.425,,,,,
2026-08-07,159755,电池ETF,0.958,0.976,0.948,0.974,410863600.0,396072510.4,,,,,
2026-08-10,159755,电池ETF,0.974,0.99,0.97,0.988,416921200.0,408791236.59999996,,,,,
2026-08-11,159755,电池ETF,0.985,0.989,0.976,0.981,322924600.0,317354150.65,,,,,
